{"type":"FeatureCollection", "features": [
{"type":"Feature","geometry":{"type":"Polygon","coordinates":[[[-99.24012417760059,19.482480612106876],[-99.2440232110481,19.481989543829496],[-99.25026472244899,19.47977108832204],[-99.25208788330731,19.477756174925485],[-99.25516025330269,19.476285751889503],[-99.2560493712497,19.47296461998518],[-99.25748048271498,19.47024932918987],[-99.26537761231063,19.471050473927228],[-99.26290437431511,19.468494740348792],[-99.25827720142559,19.467293539001673],[-99.25152217893083,19.47103753120356],[-99.24931713860713,19.472668766287466],[-99.24422918260495,19.478666264433507],[-99.24167183952814,19.479986979663174],[-99.24012417760059,19.482480612106876]]]},"properties":{"ID":25250,"ENTIDAD":15,"DISTRITO_F":22,"DISTRITO_L":32,"MUNICIPIO":58,"SECCION":2572,"TIPO":2,"CONTROL":0,"GEOMETRY1_":""}},
{"type":"Feature","geometry":{"type":"Polygon","coordinates":[[[-99.24167183952814,19.479986979663174],[-99.24422918260495,19.478666264433507],[-99.24171522902051,19.475922251948916],[-99.24035851354002,19.477768820549116],[-99.23904853880964,19.47857050105407],[-99.23873400264374,19.47873047634955],[-99.24167183952814,19.479986979663174]]]},"properties":{"ID":25251,"ENTIDAD":15,"DISTRITO_F":22,"DISTRITO_L":30,"MUNICIPIO":58,"SECCION":2573,"TIPO":2,"CONTROL":0,"GEOMETRY1_":""}},
{"type":"Feature","geometry":{"type":"Polygon","coordinates":[[[-99.23982630168506,19.482773745459813],[-99.24005304648682,19.482768113286905],[-99.24012417760059,19.482480612106876],[-99.24167183952814,19.479986979663174],[-99.23873400264374,19.47873047634955],[-99.23769507680255,19.47958620468904],[-99.23845734818784,19.480346349413324],[-99.23982630168506,19.482773745459813]]]},"properties":{"ID":25252,"ENTIDAD":15,"DISTRITO_F":22,"DISTRITO_L":30,"MUNICIPIO":58,"SECCION":2574,"TIPO":2,"CONTROL":0,"GEOMETRY1_":""}},
{"type":"Feature","geometry":{"type":"Polygon","coordinates":[[[-99.23405128920687,19.484095305320622],[-99.23982630168506,19.482773745459813],[-99.23845734818784,19.480346349413324],[-99.23363886601807,19.483274200956085],[-99.23385457725502,19.48370165059059],[-99.23405128920687,19.484095305320622]]]},"properties":{"ID":25253,"ENTIDAD":15,"DISTRITO_F":22,"DISTRITO_L":30,"MUNICIPIO":58,"SECCION":2575,"TIPO":2,"CONTROL":0,"GEOMETRY1_":""}},
{"type":"Feature","geometry":{"type":"Polygon","coordinates":[[[-99.23363886601807,19.483274200956085],[-99.23845734818784,19.480346349413324],[-99.23769507680255,19.47958620468904],[-99.2367838464359,19.47890076793621],[-99.23420656207504,19.476999337650547],[-99.2323577192983,19.48078493666593],[-99.23273416091929,19.481530084135215],[-99.23363886601807,19.483274200956085]]]},"properties":{"ID":25254,"ENTIDAD":15,"DISTRITO_F":22,"DISTRITO_L":30,"MUNICIPIO":58,"SECCION":2576,"TIPO":2,"CONTROL":0,"GEOMETRY1_":""}},
{"type":"Feature","geometry":{"type":"Polygon","coordinates":[[[-99.23769507680255,19.47958620468904],[-99.23873400264374,19.47873047634955],[-99.23904853880964,19.47857050105407],[-99.23736798763237,19.475402673609494],[-99.2367838464359,19.47890076793621],[-99.23769507680255,19.47958620468904]]]},"properties":{"ID":25255,"ENTIDAD":15,"DISTRITO_F":22,"DISTRITO_L":30,"MUNICIPIO":58,"SECCION":2577,"TIPO":2,"CONTROL":0,"GEOMETRY1_":""}},
{"type":"Feature","geometry":{"type":"Polygon","coordinates":[[[-99.2367838464359,19.47890076793621],[-99.23736798763237,19.475402673609494],[-99.23687599855181,19.474500719897236],[-99.23604661324822,19.475172849956984],[-99.23457875048712,19.476496077172364],[-99.23420656207504,19.476999337650547],[-99.2367838464359,19.47890076793621]]]},"properties":{"ID":25256,"ENTIDAD":15,"DISTRITO_F":22,"DISTRITO_L":30,"MUNICIPIO":58,"SECCION":2578,"TIPO":2,"CONTROL":0,"GEOMETRY1_":""}},
{"type":"Feature","geometry":{"type":"Polygon","coordinates":[[[-99.23904853880964,19.47857050105407],[-99.24035851354002,19.477768820549116],[-99.23788364778892,19.473949618910307],[-99.23687599855181,19.474500719897236],[-99.23736798763237,19.475402673609494],[-99.23904853880964,19.47857050105407]]]},"properties":{"ID":25257,"ENTIDAD":15,"DISTRITO_F":22,"DISTRITO_L":30,"MUNICIPIO":58,"SECCION":2579,"TIPO":2,"CONTROL":0,"GEOMETRY1_":""}},
{"type":"Feature","geometry":{"type":"Polygon","coordinates":[[[-99.24422918260495,19.478666264433507],[-99.24931713860713,19.472668766287466],[-99.24903889176665,19.47271799771418],[-99.24137456929321,19.473583255143403],[-99.2406498439903,19.47363147973818],[-99.23955820309494,19.473688779727905],[-99.24005692406502,19.474258928337566],[-99.24171522902051,19.475922251948916],[-99.24422918260495,19.478666264433507]]]},"properties":{"ID":25258,"ENTIDAD":15,"DISTRITO_F":22,"DISTRITO_L":30,"MUNICIPIO":58,"SECCION":2580,"TIPO":2,"CONTROL":0,"GEOMETRY1_":""}},
{"type":"Feature","geometry":{"type":"Polygon","coordinates":[[[-99.24035851354002,19.477768820549116],[-99.24171522902051,19.475922251948916],[-99.24005692406502,19.474258928337566],[-99.23788364778892,19.473949618910307],[-99.24035851354002,19.477768820549116]]]},"properties":{"ID":25259,"ENTIDAD":15,"DISTRITO_F":22,"DISTRITO_L":30,"MUNICIPIO":58,"SECCION":2581,"TIPO":2,"CONTROL":0,"GEOMETRY1_":""}},
{"type":"Feature","geometry":{"type":"Polygon","coordinates":[[[-99.23604661324822,19.475172849956984],[-99.23687599855181,19.474500719897236],[-99.23788364778892,19.473949618910307],[-99.24005692406502,19.474258928337566],[-99.23955820309494,19.473688779727905],[-99.23729427267209,19.473088615427173],[-99.23604661324822,19.475172849956984]]]},"properties":{"ID":25271,"ENTIDAD":15,"DISTRITO_F":22,"DISTRITO_L":30,"MUNICIPIO":58,"SECCION":2593,"TIPO":2,"CONTROL":0,"GEOMETRY1_":""}},
{"type":"Feature","geometry":{"type":"Polygon","coordinates":[[[-99.23457875048712,19.476496077172364],[-99.23604661324822,19.475172849956984],[-99.23729427267209,19.473088615427173],[-99.23570406207159,19.472753867748626],[-99.23458264944838,19.472522638880037],[-99.23410457989782,19.472365785436335],[-99.23363575418304,19.473719879061775],[-99.23457875048712,19.476496077172364]]]},"properties":{"ID":25272,"ENTIDAD":15,"DISTRITO_F":22,"DISTRITO_L":30,"MUNICIPIO":58,"SECCION":2594,"TIPO":2,"CONTROL":0,"GEOMETRY1_":""}},
{"type":"Feature","geometry":{"type":"Polygon","coordinates":[[[-99.2323577192983,19.48078493666593],[-99.23420656207504,19.476999337650547],[-99.23457875048712,19.476496077172364],[-99.23363575418304,19.473719879061775],[-99.23089957541298,19.47794983570278],[-99.2323577192983,19.48078493666593]]]},"properties":{"ID":25273,"ENTIDAD":15,"DISTRITO_F":22,"DISTRITO_L":30,"MUNICIPIO":58,"SECCION":2595,"TIPO":2,"CONTROL":0,"GEOMETRY1_":""}},
{"type":"Feature","geometry":{"type":"Polygon","coordinates":[[[-99.23089957541298,19.47794983570278],[-99.23363575418304,19.473719879061775],[-99.23410457989782,19.472365785436335],[-99.23199351170541,19.47086034507507],[-99.22795467883986,19.472398870732096],[-99.22820378754604,19.472872581098287],[-99.23089957541298,19.47794983570278]]]},"properties":{"ID":25274,"ENTIDAD":15,"DISTRITO_F":22,"DISTRITO_L":30,"MUNICIPIO":58,"SECCION":2596,"TIPO":2,"CONTROL":0,"GEOMETRY1_":""}},
{"type":"Feature","geometry":{"type":"Polygon","coordinates":[[[-99.28599753131282,19.5219184829301],[-99.28845398917727,19.51949005939084],[-99.28550442790164,19.518946061650677],[-99.28456980674562,19.51919187091123],[-99.27932478408528,19.517201920779762],[-99.27816119402914,19.509724819095116],[-99.27583192987557,19.510176277432116],[-99.27334918147398,19.51495183762847],[-99.27446256671186,19.51549330142442],[-99.2739743557977,19.5200197979375],[-99.27142620034942,19.519686495684166],[-99.2713488610191,19.517698053764175],[-99.2711209690692,19.51746187954887],[-99.2711343532042,19.517557989194593],[-99.27110379717794,19.517737755756613],[-99.2708044946434,19.518001515950946],[-99.26958355786209,19.518045135460817],[-99.26743387372812,19.52181725578235],[-99.26942225386301,19.52282940941578],[-99.26973225037699,19.524078117291147],[-99.2706961400063,19.5239808020387],[-99.27220791034709,19.523303585679695],[-99.27317045247145,19.523982670740512],[-99.27363696597297,19.525187123933552],[-99.28599753131282,19.5219184829301]]]},"properties":{"ID":25388,"ENTIDAD":15,"DISTRITO_F":22,"DISTRITO_L":32,"MUNICIPIO":58,"SECCION":2723,"TIPO":2,"CONTROL":0,"GEOMETRY1_":""}},
{"type":"Feature","geometry":{"type":"Polygon","coordinates":[[[-99.26743387372812,19.52181725578235],[-99.26958355786209,19.518045135460817],[-99.2708044946434,19.518001515950946],[-99.27110379717794,19.517737755756613],[-99.2711343532042,19.517557989194593],[-99.2711209690692,19.51746187954887],[-99.27106794826788,19.517386727072473],[-99.27087826729083,19.517303420195933],[-99.26903193287828,19.517665617521725],[-99.2684190890664,19.517582937007326],[-99.26676008718044,19.516603196314442],[-99.26616958861422,19.51619256588078],[-99.26544061590464,19.51568563547786],[-99.26431605711808,19.5153529178383],[-99.26134973853026,19.51547843518806],[-99.26020009939104,19.515994178027764],[-99.25961934912615,19.516680459736836],[-99.25914895926817,19.517471070381],[-99.2589335685267,19.517847538883764],[-99.25929028037028,19.517638050065624],[-99.26057609136754,19.51681700926622],[-99.2627494329608,19.516955970018266],[-99.26484476922393,19.517914211487692],[-99.2641308495098,19.51955651673208],[-99.2641244401239,19.51971697927947],[-99.26743387372812,19.52181725578235]]]},"properties":{"ID":25389,"ENTIDAD":15,"DISTRITO_F":22,"DISTRITO_L":32,"MUNICIPIO":58,"SECCION":2724,"TIPO":2,"CONTROL":0,"GEOMETRY1_":""}},
{"type":"Feature","geometry":{"type":"Polygon","coordinates":[[[-99.2641308495098,19.51955651673208],[-99.26484476922393,19.517914211487692],[-99.2627494329608,19.516955970018266],[-99.26252942065366,19.517194524881486],[-99.2579485317378,19.519328509842147],[-99.25687336818044,19.5195766339163],[-99.25741427170045,19.52013478419077],[-99.2575850446011,19.52015203026277],[-99.25872400370419,19.52033899002671],[-99.25880921243974,19.520351630517265],[-99.25945065028965,19.520455822096988],[-99.25950447726613,19.520464565340426],[-99.25997118823952,19.5205403713561],[-99.26019697181903,19.519471810757917],[-99.26195805768366,19.519009093213402],[-99.26380207472589,19.51930542720673],[-99.26415170509048,19.51937843743553],[-99.2641308495098,19.51955651673208]]]},"properties":{"ID":25390,"ENTIDAD":15,"DISTRITO_F":22,"DISTRITO_L":32,"MUNICIPIO":58,"SECCION":2725,"TIPO":2,"CONTROL":0,"GEOMETRY1_":""}},
{"type":"Feature","geometry":{"type":"Polygon","coordinates":[[[-99.2579485317378,19.519328509842147],[-99.26252942065366,19.517194524881486],[-99.2589335685279,19.517847539631816],[-99.2579485317378,19.519328509842147]]]},"properties":{"ID":25391,"ENTIDAD":15,"DISTRITO_F":22,"DISTRITO_L":32,"MUNICIPIO":58,"SECCION":2726,"TIPO":2,"CONTROL":0,"GEOMETRY1_":""}},
{"type":"Feature","geometry":{"type":"Polygon","coordinates":[[[-99.25687336818044,19.5195766339163],[-99.2579485317378,19.519328509842147],[-99.2589335685279,19.517847539631816],[-99.25914895926937,19.517471071129233],[-99.25961934912735,19.516680460485208],[-99.25946043016783,19.516534404060344],[-99.2591514222668,19.51625063723762],[-99.2587143266462,19.51580405041205],[-99.25600845022831,19.518976004321956],[-99.25598268001335,19.519406535043874],[-99.25687336818044,19.5195766339163]]]},"properties":{"ID":25392,"ENTIDAD":15,"DISTRITO_F":22,"DISTRITO_L":32,"MUNICIPIO":58,"SECCION":2727,"TIPO":2,"CONTROL":0,"GEOMETRY1_":""}},
{"type":"Feature","geometry":{"type":"Polygon","coordinates":[[[-99.25600845022831,19.518976004321956],[-99.2587143266462,19.51580405041205],[-99.25881747579263,19.514144618721527],[-99.25575244168806,19.51595454708987],[-99.25600845022831,19.518976004321956]]]},"properties":{"ID":25393,"ENTIDAD":15,"DISTRITO_F":22,"DISTRITO_L":32,"MUNICIPIO":58,"SECCION":2728,"TIPO":2,"CONTROL":0,"GEOMETRY1_":""}},
{"type":"Feature","geometry":{"type":"Polygon","coordinates":[[[-99.25389575734071,19.519703202727133],[-99.25598268001335,19.519406535043874],[-99.25600845022831,19.518976004321956],[-99.25575244168806,19.51595454708987],[-99.25881747579263,19.514144618721527],[-99.26133861629111,19.511320466099498],[-99.26103222891491,19.50961974323473],[-99.26050719675113,19.508756695720855],[-99.25951732762697,19.50785024218712],[-99.25790160945085,19.51282677215205],[-99.25469127484988,19.514676453031235],[-99.25449732717566,19.517464990982525],[-99.25324259568043,19.519602756630306],[-99.25389575734071,19.519703202727133]]]},"properties":{"ID":25394,"ENTIDAD":15,"DISTRITO_F":22,"DISTRITO_L":32,"MUNICIPIO":58,"SECCION":2729,"TIPO":2,"CONTROL":0,"GEOMETRY1_":""}},
{"type":"Feature","geometry":{"type":"Polygon","coordinates":[[[-99.25324259568043,19.519602756630306],[-99.25449732717566,19.517464990982525],[-99.25437976996034,19.511644762385515],[-99.2538936362518,19.511862865424543],[-99.25244604148956,19.51349554225522],[-99.25163150485984,19.515753145208283],[-99.2507837396254,19.518580783268323],[-99.25324259568043,19.519602756630306]]]},"properties":{"ID":25395,"ENTIDAD":15,"DISTRITO_F":22,"DISTRITO_L":32,"MUNICIPIO":58,"SECCION":2730,"TIPO":2,"CONTROL":0,"GEOMETRY1_":""}},
{"type":"Feature","geometry":{"type":"Polygon","coordinates":[[[-99.24572140660466,19.519198858715328],[-99.24754764224774,19.518456344288616],[-99.2507837396254,19.518580783268323],[-99.25163150485984,19.515753145208283],[-99.24907867429386,19.5140231937564],[-99.24759619014162,19.517207201955994],[-99.24532470643226,19.519155325631306],[-99.24572140660466,19.519198858715328]]]},"properties":{"ID":25396,"ENTIDAD":15,"DISTRITO_F":22,"DISTRITO_L":32,"MUNICIPIO":58,"SECCION":2731,"TIPO":2,"CONTROL":0,"GEOMETRY1_":""}},
{"type":"Feature","geometry":{"type":"Polygon","coordinates":[[[-99.23645510565568,19.5225274887887],[-99.23864238284513,19.521981309472732],[-99.24572140660466,19.519198858715328],[-99.24532470643226,19.519155325631306],[-99.24324138662953,19.518494126852396],[-99.24000566011283,19.520666882952153],[-99.23713324670223,19.520377421089268],[-99.23645510565568,19.5225274887887]]]},"properties":{"ID":25397,"ENTIDAD":15,"DISTRITO_F":22,"DISTRITO_L":32,"MUNICIPIO":58,"SECCION":2732,"TIPO":2,"CONTROL":0,"GEOMETRY1_":""}},
{"type":"Feature","geometry":{"type":"Polygon","coordinates":[[[-99.24532470643226,19.519155325631306],[-99.24759619014162,19.517207201955994],[-99.24440304423437,19.516197896979694],[-99.24338590142317,19.518230675022025],[-99.24324138662953,19.518494126852396],[-99.24532470643226,19.519155325631306]]]},"properties":{"ID":25398,"ENTIDAD":15,"DISTRITO_F":22,"DISTRITO_L":32,"MUNICIPIO":58,"SECCION":2733,"TIPO":2,"CONTROL":0,"GEOMETRY1_":""}},
{"type":"Feature","geometry":{"type":"Polygon","coordinates":[[[-99.23713324670223,19.520377421089268],[-99.24000566011283,19.520666882952153],[-99.24324138662953,19.518494126852396],[-99.24338590142317,19.518230675022025],[-99.24258050701252,19.517919144939032],[-99.2384565006983,19.51553941861526],[-99.23480517818155,19.519779531484936],[-99.23713324670223,19.520377421089268]]]},"properties":{"ID":25399,"ENTIDAD":15,"DISTRITO_F":22,"DISTRITO_L":32,"MUNICIPIO":58,"SECCION":2734,"TIPO":2,"CONTROL":0,"GEOMETRY1_":""}},
{"type":"Feature","geometry":{"type":"Polygon","coordinates":[[[-99.23480517818155,19.519779531484936],[-99.2384565006983,19.51553941861526],[-99.23714207051168,19.51371704668123],[-99.23592218381457,19.511186937120137],[-99.23079515267173,19.51850387543151],[-99.23480517818155,19.519779531484936]]]},"properties":{"ID":25400,"ENTIDAD":15,"DISTRITO_F":22,"DISTRITO_L":32,"MUNICIPIO":58,"SECCION":2735,"TIPO":2,"CONTROL":0,"GEOMETRY1_":""}},
{"type":"Feature","geometry":{"type":"Polygon","coordinates":[[[-99.23036025845822,19.519067331345564],[-99.23079515267173,19.51850387543151],[-99.23592218381457,19.511186937120137],[-99.23668560961548,19.50613538320523],[-99.23671666187981,19.50440673058804],[-99.23374406405487,19.506789080415828],[-99.23326381595477,19.509100149876744],[-99.22926689972287,19.511110018117083],[-99.22851444096784,19.50649717895046],[-99.22795130537766,19.505886508385203],[-99.22782409980063,19.506060841035474],[-99.22697392145504,19.511962443921256],[-99.22580767333746,19.51372156184039],[-99.2297596456892,19.515498492412004],[-99.22996761175291,19.51810283428678],[-99.23036025845822,19.519067331345564]]]},"properties":{"ID":25401,"ENTIDAD":15,"DISTRITO_F":22,"DISTRITO_L":30,"MUNICIPIO":58,"SECCION":2736,"TIPO":2,"CONTROL":0,"GEOMETRY1_":""}},
{"type":"Feature","geometry":{"type":"Polygon","coordinates":[[[-99.22580767333746,19.51372156184039],[-99.22697392145504,19.511962443921256],[-99.22418739050384,19.5085209923685],[-99.22139268745104,19.506836604764004],[-99.22061749018108,19.50743773998919],[-99.22089649355198,19.5106141388203],[-99.22566734585662,19.513627395737196],[-99.22580767333746,19.51372156184039]]]},"properties":{"ID":25402,"ENTIDAD":15,"DISTRITO_F":22,"DISTRITO_L":30,"MUNICIPIO":58,"SECCION":2737,"TIPO":2,"CONTROL":0,"GEOMETRY1_":""}},
{"type":"Feature","geometry":{"type":"Polygon","coordinates":[[[-99.2135847494408,19.498142346885697],[-99.21357536280814,19.503804740698847],[-99.21780065146477,19.506140719291803],[-99.22061749018108,19.50743773998919],[-99.22139268745104,19.506836604764004],[-99.22219110864707,19.50270524898941],[-99.22603821669757,19.498171997998305],[-99.22547212047,19.497790428803892],[-99.22204334994004,19.49547923745738],[-99.21947388799964,19.493755558860972],[-99.21808054667564,19.4932697574804],[-99.2154154282103,19.492519004183453],[-99.21480531943857,19.494270122316802],[-99.21383423478038,19.497304392386848],[-99.2135847494408,19.498142346885697]]]},"properties":{"ID":25403,"ENTIDAD":15,"DISTRITO_F":22,"DISTRITO_L":30,"MUNICIPIO":58,"SECCION":2738,"TIPO":2,"CONTROL":0,"GEOMETRY1_":""}},
{"type":"Feature","geometry":{"type":"Polygon","coordinates":[[[-99.22418739050384,19.5085209923685],[-99.22782409980063,19.506060841035474],[-99.22795130537766,19.505886508385203],[-99.22620781219746,19.504920221199075],[-99.22234428613183,19.502776561903193],[-99.22219110864707,19.50270524898941],[-99.22139268745104,19.506836604764004],[-99.22418739050384,19.5085209923685]]]},"properties":{"ID":25404,"ENTIDAD":15,"DISTRITO_F":22,"DISTRITO_L":30,"MUNICIPIO":58,"SECCION":2739,"TIPO":2,"CONTROL":0,"GEOMETRY1_":""}},
{"type":"Feature","geometry":{"type":"Polygon","coordinates":[[[-99.22697392145504,19.511962443921256],[-99.22782409980063,19.506060841035474],[-99.22418739050384,19.5085209923685],[-99.22697392145504,19.511962443921256]]]},"properties":{"ID":25405,"ENTIDAD":15,"DISTRITO_F":22,"DISTRITO_L":30,"MUNICIPIO":58,"SECCION":2740,"TIPO":2,"CONTROL":0,"GEOMETRY1_":""}},
{"type":"Feature","geometry":{"type":"Polygon","coordinates":[[[-99.22851444096784,19.50649717895046],[-99.22926689972287,19.511110018117083],[-99.23326381595477,19.509100149876744],[-99.23374406405487,19.506789080415828],[-99.23241124702336,19.505441795796862],[-99.23081425211295,19.504542806596433],[-99.22851444096784,19.50649717895046]]]},"properties":{"ID":25406,"ENTIDAD":15,"DISTRITO_F":22,"DISTRITO_L":30,"MUNICIPIO":58,"SECCION":2741,"TIPO":2,"CONTROL":0,"GEOMETRY1_":""}},
{"type":"Feature","geometry":{"type":"Polygon","coordinates":[[[-99.23714207051168,19.51371704668123],[-99.2387207790049,19.51262785552467],[-99.24299881498905,19.509103640971585],[-99.24599444207423,19.506421679795935],[-99.24216555739358,19.506654551005077],[-99.23761010724621,19.506212522292614],[-99.23668560961548,19.50613538320523],[-99.23592218381457,19.511186937120137],[-99.23714207051168,19.51371704668123]]]},"properties":{"ID":25407,"ENTIDAD":15,"DISTRITO_F":22,"DISTRITO_L":32,"MUNICIPIO":58,"SECCION":2742,"TIPO":2,"CONTROL":0,"GEOMETRY1_":""}},
{"type":"Feature","geometry":{"type":"Polygon","coordinates":[[[-99.2387207790049,19.51262785552467],[-99.24362047411762,19.51298759750849],[-99.24531590648704,19.509212770865272],[-99.24299881498905,19.509103640971585],[-99.2387207790049,19.51262785552467]]]},"properties":{"ID":25408,"ENTIDAD":15,"DISTRITO_F":22,"DISTRITO_L":32,"MUNICIPIO":58,"SECCION":2743,"TIPO":2,"CONTROL":0,"GEOMETRY1_":""}},
{"type":"Feature","geometry":{"type":"Polygon","coordinates":[[[-99.24258050701252,19.517919144939032],[-99.24362047411762,19.51298759750849],[-99.2387207790049,19.51262785552467],[-99.23714207051168,19.51371704668123],[-99.2384565006983,19.51553941861526],[-99.24258050701252,19.517919144939032]]]},"properties":{"ID":25409,"ENTIDAD":15,"DISTRITO_F":22,"DISTRITO_L":32,"MUNICIPIO":58,"SECCION":2744,"TIPO":2,"CONTROL":0,"GEOMETRY1_":""}},
{"type":"Feature","geometry":{"type":"Polygon","coordinates":[[[-99.24338590142317,19.518230675022025],[-99.24440304423437,19.516197896979694],[-99.24623250812677,19.512650912402787],[-99.24633712095724,19.512449182391553],[-99.2461655473993,19.50964058125168],[-99.24531590648704,19.509212770865272],[-99.24362047411762,19.51298759750849],[-99.24258050701252,19.517919144939032],[-99.24338590142317,19.518230675022025]]]},"properties":{"ID":25410,"ENTIDAD":15,"DISTRITO_F":22,"DISTRITO_L":32,"MUNICIPIO":58,"SECCION":2745,"TIPO":2,"CONTROL":0,"GEOMETRY1_":""}},
{"type":"Feature","geometry":{"type":"Polygon","coordinates":[[[-99.24759619014162,19.517207201955994],[-99.24907867429386,19.5140231937564],[-99.24623250812677,19.512650912402787],[-99.24440304423437,19.516197896979694],[-99.24759619014162,19.517207201955994]]]},"properties":{"ID":25411,"ENTIDAD":15,"DISTRITO_F":22,"DISTRITO_L":32,"MUNICIPIO":58,"SECCION":2746,"TIPO":2,"CONTROL":0,"GEOMETRY1_":""}},
{"type":"Feature","geometry":{"type":"Polygon","coordinates":[[[-99.25163150485984,19.515753145208283],[-99.25244604148956,19.51349554225522],[-99.2488296772904,19.51035027367614],[-99.2484150546723,19.510275255405627],[-99.24633712095724,19.512449182391553],[-99.24623250812677,19.512650912402787],[-99.24907867429386,19.5140231937564],[-99.25163150485984,19.515753145208283]]]},"properties":{"ID":25412,"ENTIDAD":15,"DISTRITO_F":22,"DISTRITO_L":32,"MUNICIPIO":58,"SECCION":2747,"TIPO":2,"CONTROL":0,"GEOMETRY1_":""}},
{"type":"Feature","geometry":{"type":"Polygon","coordinates":[[[-99.25244604148956,19.51349554225522],[-99.2538936362518,19.511862865424543],[-99.2488296772904,19.51035027367614],[-99.25244604148956,19.51349554225522]]]},"properties":{"ID":25413,"ENTIDAD":15,"DISTRITO_F":22,"DISTRITO_L":32,"MUNICIPIO":58,"SECCION":2748,"TIPO":2,"CONTROL":0,"GEOMETRY1_":""}},
{"type":"Feature","geometry":{"type":"Polygon","coordinates":[[[-99.25449732717566,19.517464990982525],[-99.25469127484988,19.514676453031235],[-99.25790160945085,19.51282677215205],[-99.25951732762697,19.50785024218712],[-99.25618403844614,19.51025249044457],[-99.25437976996034,19.511644762385515],[-99.25449732717566,19.517464990982525]]]},"properties":{"ID":25414,"ENTIDAD":15,"DISTRITO_F":22,"DISTRITO_L":32,"MUNICIPIO":58,"SECCION":2749,"TIPO":2,"CONTROL":0,"GEOMETRY1_":""}},
{"type":"Feature","geometry":{"type":"Polygon","coordinates":[[[-99.25961934912735,19.516680460485208],[-99.26020009939224,19.51599417877639],[-99.26134973853145,19.5154784359368],[-99.2643160571193,19.515352918587105],[-99.26616958861544,19.516192566629304],[-99.26599576087675,19.515879387456746],[-99.26588865115146,19.51568641102631],[-99.2657072126762,19.51537864589589],[-99.26555415245775,19.514821294180646],[-99.26546188039967,19.513168034074226],[-99.26133861629111,19.511320466099498],[-99.25881747579263,19.514144618721527],[-99.2587143266462,19.51580405041205],[-99.2591514222668,19.51625063723762],[-99.25946043016783,19.516534404060344],[-99.25961934912735,19.516680460485208]]]},"properties":{"ID":25415,"ENTIDAD":15,"DISTRITO_F":22,"DISTRITO_L":32,"MUNICIPIO":58,"SECCION":2750,"TIPO":2,"CONTROL":0,"GEOMETRY1_":""}},
{"type":"Feature","geometry":{"type":"Polygon","coordinates":[[[-99.2672757329697,19.51184784376524],[-99.2682157163482,19.51360518775056],[-99.27140186393662,19.51168237288401],[-99.27027943744073,19.510574512668608],[-99.2672757329697,19.51184784376524]]]},"properties":{"ID":25416,"ENTIDAD":15,"DISTRITO_F":22,"DISTRITO_L":32,"MUNICIPIO":58,"SECCION":2751,"TIPO":2,"CONTROL":0,"GEOMETRY1_":""}},
{"type":"Feature","geometry":{"type":"Polygon","coordinates":[[[-99.26616958861544,19.516192566629304],[-99.26676008718167,19.516603197062878],[-99.26841908906765,19.51758293775553],[-99.26903193287953,19.517665618269906],[-99.27087826729205,19.517303420944152],[-99.2710679482691,19.51738672782068],[-99.27122467518824,19.517206949170266],[-99.27152780607678,19.516504650224864],[-99.27334918147398,19.51495183762847],[-99.27583192987557,19.510176277432116],[-99.27495923880763,19.50806536335531],[-99.27027943744073,19.510574512668608],[-99.27140186393662,19.51168237288401],[-99.2682157163482,19.51360518775056],[-99.2672757329697,19.51184784376524],[-99.26546188039967,19.513168034074226],[-99.26555415245775,19.514821294180646],[-99.2657072126762,19.51537864589589],[-99.26588865115146,19.51568641102631],[-99.26599576087675,19.515879387456746],[-99.26616958861544,19.516192566629304]]]},"properties":{"ID":25417,"ENTIDAD":15,"DISTRITO_F":22,"DISTRITO_L":32,"MUNICIPIO":58,"SECCION":2752,"TIPO":2,"CONTROL":0,"GEOMETRY1_":""}},
{"type":"Feature","geometry":{"type":"Polygon","coordinates":[[[-99.26546188039967,19.513168034074226],[-99.2672757329697,19.51184784376524],[-99.27027943744073,19.510574512668608],[-99.27495923880763,19.50806536335531],[-99.27435026358326,19.507500986065086],[-99.27202982662811,19.50556798541315],[-99.27184726723706,19.50460309963458],[-99.27086066056071,19.505163863596398],[-99.27106533462921,19.505144771946338],[-99.26651467914564,19.50884318287448],[-99.26103222891491,19.50961974323473],[-99.26133861629111,19.511320466099498],[-99.26546188039967,19.513168034074226]]]},"properties":{"ID":25418,"ENTIDAD":15,"DISTRITO_F":22,"DISTRITO_L":32,"MUNICIPIO":58,"SECCION":2753,"TIPO":2,"CONTROL":0,"GEOMETRY1_":""}},
{"type":"Feature","geometry":{"type":"Polygon","coordinates":[[[-99.26103222891491,19.50961974323473],[-99.26651467914564,19.50884318287448],[-99.27106533462921,19.505144771946338],[-99.27085921817397,19.505289100304854],[-99.26794368716672,19.504860326826574],[-99.26599843992194,19.506467873526617],[-99.26120301191361,19.508133466927593],[-99.26050719675113,19.508756695720855],[-99.26103222891491,19.50961974323473]]]},"properties":{"ID":25419,"ENTIDAD":15,"DISTRITO_F":22,"DISTRITO_L":32,"MUNICIPIO":58,"SECCION":2754,"TIPO":2,"CONTROL":0,"GEOMETRY1_":""}},
{"type":"Feature","geometry":{"type":"Polygon","coordinates":[[[-99.25618403844614,19.51025249044457],[-99.25951732762697,19.50785024218712],[-99.26050719675113,19.508756695720855],[-99.26120301191361,19.508133466927593],[-99.26148568113928,19.505629475032027],[-99.25972480910747,19.502384515983746],[-99.2550470060364,19.502596646407923],[-99.25248227148747,19.50302497205629],[-99.25563027029698,19.505029043166623],[-99.25714894494074,19.50597163824423],[-99.25618403844614,19.51025249044457]]]},"properties":{"ID":25420,"ENTIDAD":15,"DISTRITO_F":22,"DISTRITO_L":32,"MUNICIPIO":58,"SECCION":2755,"TIPO":2,"CONTROL":0,"GEOMETRY1_":""}},
{"type":"Feature","geometry":{"type":"Polygon","coordinates":[[[-99.2538936362518,19.511862865424543],[-99.25437976996034,19.511644762385515],[-99.25618403844614,19.51025249044457],[-99.25714894494074,19.50597163824423],[-99.2518959032123,19.50949928676209],[-99.25003031619795,19.508788414271432],[-99.24983022277061,19.508526509383877],[-99.2484150546723,19.510275255405627],[-99.2488296772904,19.51035027367614],[-99.2538936362518,19.511862865424543]]]},"properties":{"ID":25421,"ENTIDAD":15,"DISTRITO_F":22,"DISTRITO_L":32,"MUNICIPIO":58,"SECCION":2756,"TIPO":2,"CONTROL":0,"GEOMETRY1_":""}},
{"type":"Feature","geometry":{"type":"Polygon","coordinates":[[[-99.25003031619795,19.508788414271432],[-99.2518959032123,19.50949928676209],[-99.25714894494074,19.50597163824423],[-99.25563027029698,19.505029043166623],[-99.25003031619795,19.508788414271432]]]},"properties":{"ID":25422,"ENTIDAD":15,"DISTRITO_F":22,"DISTRITO_L":32,"MUNICIPIO":58,"SECCION":2757,"TIPO":2,"CONTROL":0,"GEOMETRY1_":""}},
{"type":"Feature","geometry":{"type":"Polygon","coordinates":[[[-99.24633712095724,19.512449182391553],[-99.2484150546723,19.510275255405627],[-99.24983022277061,19.508526509383877],[-99.2508311840453,19.50775803834095],[-99.24902799319368,19.505468602174215],[-99.2461655473993,19.50964058125168],[-99.24633712095724,19.512449182391553]]]},"properties":{"ID":25423,"ENTIDAD":15,"DISTRITO_F":22,"DISTRITO_L":32,"MUNICIPIO":58,"SECCION":2758,"TIPO":2,"CONTROL":0,"GEOMETRY1_":""}},
{"type":"Feature","geometry":{"type":"Polygon","coordinates":[[[-99.24531590648704,19.509212770865272],[-99.2461655473993,19.50964058125168],[-99.24902799319368,19.505468602174215],[-99.2508311840453,19.50775803834095],[-99.25174992177773,19.5062487591866],[-99.24904583097404,19.499258215189258],[-99.24889360881629,19.50102131474278],[-99.24862998549385,19.504231605440676],[-99.24599444207423,19.506421679795935],[-99.24299881498905,19.509103640971585],[-99.24531590648704,19.509212770865272]]]},"properties":{"ID":25424,"ENTIDAD":15,"DISTRITO_F":22,"DISTRITO_L":32,"MUNICIPIO":58,"SECCION":2759,"TIPO":2,"CONTROL":0,"GEOMETRY1_":""}},
{"type":"Feature","geometry":{"type":"Polygon","coordinates":[[[-99.25003031619795,19.508788414271432],[-99.25563027029698,19.505029043166623],[-99.25248227148747,19.50302497205629],[-99.25002654032802,19.49809486992242],[-99.24815312138333,19.49798744513968],[-99.24904583097404,19.499258215189258],[-99.25174992177773,19.5062487591866],[-99.2508311840453,19.50775803834095],[-99.24983022277061,19.508526509383877],[-99.25003031619795,19.508788414271432]]]},"properties":{"ID":25425,"ENTIDAD":15,"DISTRITO_F":22,"DISTRITO_L":32,"MUNICIPIO":58,"SECCION":2760,"TIPO":2,"CONTROL":0,"GEOMETRY1_":""}},
{"type":"Feature","geometry":{"type":"Polygon","coordinates":[[[-99.26148568113928,19.505629475032027],[-99.26447975361673,19.50265733413487],[-99.26430589928381,19.500189444432944],[-99.2612633663794,19.497882424510102],[-99.25942315693982,19.496759823101005],[-99.25972480910747,19.502384515983746],[-99.26148568113928,19.505629475032027]]]},"properties":{"ID":25426,"ENTIDAD":15,"DISTRITO_F":22,"DISTRITO_L":32,"MUNICIPIO":58,"SECCION":2761,"TIPO":2,"CONTROL":0,"GEOMETRY1_":""}},
{"type":"Feature","geometry":{"type":"Polygon","coordinates":[[[-99.26120301191361,19.508133466927593],[-99.26599843992194,19.506467873526617],[-99.26447975361673,19.50265733413487],[-99.26148568113928,19.505629475032027],[-99.26120301191361,19.508133466927593]]]},"properties":{"ID":25427,"ENTIDAD":15,"DISTRITO_F":22,"DISTRITO_L":32,"MUNICIPIO":58,"SECCION":2762,"TIPO":2,"CONTROL":0,"GEOMETRY1_":""}},
{"type":"Feature","geometry":{"type":"Polygon","coordinates":[[[-99.26599843992194,19.506467873526617],[-99.26794368716672,19.504860326826574],[-99.26821559515744,19.502751733719993],[-99.26785198252028,19.50159459913036],[-99.26654032053348,19.500923999117433],[-99.26430589928381,19.500189444432944],[-99.26447975361673,19.50265733413487],[-99.26599843992194,19.506467873526617]]]},"properties":{"ID":25428,"ENTIDAD":15,"DISTRITO_F":22,"DISTRITO_L":32,"MUNICIPIO":58,"SECCION":2763,"TIPO":2,"CONTROL":0,"GEOMETRY1_":""}},
{"type":"Feature","geometry":{"type":"Polygon","coordinates":[[[-99.27435026358326,19.507500986065086],[-99.27418855714612,19.50658437364636],[-99.2749704993336,19.504198232244654],[-99.27531016354847,19.503362419009118],[-99.26821559515744,19.502751733719993],[-99.26794368716672,19.504860326826574],[-99.27085921817397,19.505289100304854],[-99.27086066056071,19.505163863596398],[-99.27184726723706,19.50460309963458],[-99.27202982662811,19.50556798541315],[-99.27435026358326,19.507500986065086]]]},"properties":{"ID":25429,"ENTIDAD":15,"DISTRITO_F":22,"DISTRITO_L":32,"MUNICIPIO":58,"SECCION":2764,"TIPO":2,"CONTROL":0,"GEOMETRY1_":""}},
{"type":"Feature","geometry":{"type":"Polygon","coordinates":[[[-99.26821559515744,19.502751733719993],[-99.27531016354847,19.503362419009118],[-99.27681859778684,19.502657006224133],[-99.2759994461644,19.49961897098626],[-99.27369348071088,19.49927495943633],[-99.27198651879544,19.499881790802643],[-99.26785198252028,19.50159459913036],[-99.26821559515744,19.502751733719993]]]},"properties":{"ID":25430,"ENTIDAD":15,"DISTRITO_F":22,"DISTRITO_L":32,"MUNICIPIO":58,"SECCION":2765,"TIPO":2,"CONTROL":0,"GEOMETRY1_":""}},
{"type":"Feature","geometry":{"type":"Polygon","coordinates":[[[-99.2770333872911,19.505131630800992],[-99.27681859778684,19.502657006224133],[-99.27531016354847,19.503362419009118],[-99.2749704993336,19.504198232244654],[-99.2770333872911,19.505131630800992]]]},"properties":{"ID":25431,"ENTIDAD":15,"DISTRITO_F":22,"DISTRITO_L":32,"MUNICIPIO":58,"SECCION":2766,"TIPO":2,"CONTROL":0,"GEOMETRY1_":""}},
{"type":"Feature","geometry":{"type":"Polygon","coordinates":[[[-99.27461286606831,19.506690603174626],[-99.27473082776349,19.506677124531944],[-99.27756081544192,19.505260433718853],[-99.2770333872911,19.505131630800992],[-99.2749704993336,19.504198232244654],[-99.27418855714612,19.50658437364636],[-99.27441707873045,19.506669806849846],[-99.27461286606831,19.506690603174626]]]},"properties":{"ID":25432,"ENTIDAD":15,"DISTRITO_F":22,"DISTRITO_L":32,"MUNICIPIO":58,"SECCION":2767,"TIPO":2,"CONTROL":0,"GEOMETRY1_":""}},
{"type":"Feature","geometry":{"type":"Polygon","coordinates":[[[-99.27932478408528,19.517201920779762],[-99.28432111280146,19.51129510892013],[-99.28714907489628,19.51067828604903],[-99.28632972768239,19.50690645229204],[-99.28168766384647,19.50469359971332],[-99.27756081544192,19.505260433718853],[-99.27473082776349,19.506677124531944],[-99.27461286606831,19.506690603174626],[-99.27441707873045,19.506669806849846],[-99.27418855714612,19.50658437364636],[-99.27435026358326,19.507500986065086],[-99.27495923880763,19.50806536335531],[-99.27583192987557,19.510176277432116],[-99.27816119402914,19.509724819095116],[-99.27932478408528,19.517201920779762]]]},"properties":{"ID":25433,"ENTIDAD":15,"DISTRITO_F":22,"DISTRITO_L":32,"MUNICIPIO":58,"SECCION":2768,"TIPO":2,"CONTROL":0,"GEOMETRY1_":""}},
{"type":"Feature","geometry":{"type":"Polygon","coordinates":[[[-99.27756081544192,19.505260433718853],[-99.28168766384647,19.50469359971332],[-99.27761978087094,19.50057138542225],[-99.27800383820484,19.50051918965518],[-99.27818948510858,19.500505244306414],[-99.27837624930162,19.50046989700954],[-99.27826289485654,19.500421103588483],[-99.27793284526996,19.500285764745815],[-99.27776289084073,19.50025759276371],[-99.27766275218896,19.500144014911147],[-99.27761209559272,19.499742873151117],[-99.2759994461644,19.49961897098626],[-99.27681859778684,19.502657006224133],[-99.2770333872911,19.505131630800992],[-99.27756081544192,19.505260433718853]]]},"properties":{"ID":25434,"ENTIDAD":15,"DISTRITO_F":22,"DISTRITO_L":32,"MUNICIPIO":58,"SECCION":2769,"TIPO":2,"CONTROL":0,"GEOMETRY1_":""}},
{"type":"Feature","geometry":{"type":"Polygon","coordinates":[[[-99.29462078404234,19.503804663552636],[-99.29352210780972,19.501691643512345],[-99.29339209281254,19.501684070777152],[-99.29328277551949,19.50167251475147],[-99.29316725053205,19.50164923551346],[-99.2920674861318,19.50179934062968],[-99.29092888376924,19.50238098559856],[-99.28830496019702,19.50300445930122],[-99.28685512920485,19.501382684344012],[-99.28418549186719,19.499659603897815],[-99.2839413751299,19.499186423611484],[-99.28337343151077,19.499548304345563],[-99.28299495142144,19.49926855379257],[-99.28157822799785,19.50070504341925],[-99.27983908107693,19.500646136119084],[-99.2790956240246,19.50033610207297],[-99.2789207235547,19.50033795128312],[-99.27848454981722,19.50048552607441],[-99.27837624930098,19.500469896633177],[-99.27818948510794,19.500505243930068],[-99.27800383820484,19.50051918965518],[-99.27761978087094,19.50057138542225],[-99.28168766384647,19.50469359971332],[-99.28632972768239,19.50690645229204],[-99.28714907489628,19.51067828604903],[-99.28432111280146,19.51129510892013],[-99.27932478408528,19.517201920779762],[-99.28456980674562,19.51919187091123],[-99.28550442790164,19.518946061650677],[-99.28845398917727,19.51949005939084],[-99.28599753131282,19.5219184829301],[-99.30175592394825,19.5177493006637],[-99.29462078404234,19.503804663552636]]]},"properties":{"ID":25435,"ENTIDAD":15,"DISTRITO_F":22,"DISTRITO_L":32,"MUNICIPIO":58,"SECCION":2770,"TIPO":2,"CONTROL":0,"GEOMETRY1_":""}},
{"type":"Feature","geometry":{"type":"Polygon","coordinates":[[[-99.2829949514221,19.49926855416905],[-99.28337343151142,19.499548304722126],[-99.28394137513057,19.49918642398806],[-99.28418549186785,19.499659604274267],[-99.28685512920552,19.50138268472026],[-99.28830496019768,19.50300445967725],[-99.29092888376991,19.50238098597468],[-99.29206748613248,19.50179934100584],[-99.2935221078104,19.501691643888513],[-99.29298839373095,19.50066464724167],[-99.29255018480353,19.499821414785462],[-99.29099569161629,19.496830068728638],[-99.28910013297717,19.493784000225155],[-99.2857226170867,19.497856842305765],[-99.28413559006222,19.498089962491527],[-99.28347866463189,19.49868492349051],[-99.283374141813,19.4989251869237],[-99.28324609503909,19.49904859642971],[-99.2831230068021,19.499149883637518],[-99.2829949514221,19.49926855416905]]]},"properties":{"ID":25436,"ENTIDAD":15,"DISTRITO_F":22,"DISTRITO_L":32,"MUNICIPIO":58,"SECCION":2771,"TIPO":2,"CONTROL":0,"GEOMETRY1_":""}},
{"type":"Feature","geometry":{"type":"Polygon","coordinates":[[[-99.35220608667751,19.489392423428335],[-99.35014629338396,19.487758581105723],[-99.3468881312681,19.487991328756525],[-99.3391179286674,19.490273696751018],[-99.33860955236787,19.48854017648304],[-99.33898081792991,19.48706728491087],[-99.33566075747778,19.48566477950448],[-99.33190816162171,19.481423228603983],[-99.32507027487725,19.483817331814993],[-99.3155472989927,19.485319828531225],[-99.30965790663286,19.485225911944077],[-99.30708049645162,19.488465251476367],[-99.30181514961964,19.489928874615494],[-99.29537772334346,19.49068602597619],[-99.28910013297717,19.493784000225155],[-99.29099569161629,19.496830068728638],[-99.29255018480353,19.499821414785462],[-99.29298839373095,19.50066464724167],[-99.2935221078104,19.501691643888513],[-99.29462078404234,19.503804663552636],[-99.30175592394825,19.5177493006637],[-99.308773605674,19.515892276856622],[-99.30932619019747,19.51811292530606],[-99.31704810805944,19.518178011649308],[-99.32288256686026,19.51667837066581],[-99.32775028780578,19.512468402322554],[-99.33296064086947,19.497899609571657],[-99.33629012554428,19.493336515540083],[-99.3414422447708,19.49239173799148],[-99.34325280793959,19.494895010387882],[-99.34918473473248,19.495022670439344],[-99.35222253432053,19.489412738428058],[-99.35220608667751,19.489392423428335]]]},"properties":{"ID":25437,"ENTIDAD":15,"DISTRITO_F":22,"DISTRITO_L":32,"MUNICIPIO":58,"SECCION":2772,"TIPO":2,"CONTROL":0,"GEOMETRY1_":""}},
{"type":"Feature","geometry":{"type":"Polygon","coordinates":[[[-99.35014629338396,19.487758581105723],[-99.35220608667751,19.489392423428335],[-99.3575160296559,19.47525600887889],[-99.35864881640218,19.46868748483767],[-99.36141862148463,19.463589053307714],[-99.36744315197497,19.457062987566168],[-99.35703707299005,19.452088130534836],[-99.35647690734801,19.452076273036816],[-99.35479790395279,19.45272753106637],[-99.3535916477769,19.45245774104603],[-99.35331290597338,19.452313814781963],[-99.35037243475509,19.45426127878464],[-99.34979869501701,19.454403651890996],[-99.34637245070665,19.457516075002427],[-99.34543111184183,19.457804547205583],[-99.34259434163377,19.462200858122184],[-99.34052634354657,19.459018409796247],[-99.33863698659563,19.456110740760547],[-99.33808283108446,19.457560232253893],[-99.33543973409067,19.45830646425808],[-99.334520141241,19.46001654349477],[-99.33483204399668,19.462263963706164],[-99.334692691654,19.46475008617114],[-99.3288029870236,19.471225636319154],[-99.32491173949462,19.47114000548582],[-99.31348115948485,19.475199940541707],[-99.31338066716337,19.475252153356436],[-99.31279541377239,19.47527230635906],[-99.30958349974478,19.473746482935347],[-99.30669607064479,19.473024006386662],[-99.30540480716516,19.473236746505606],[-99.30260257487767,19.47490678040644],[-99.30093669905642,19.47582121815496],[-99.30119407987033,19.47595012170386],[-99.30110513879451,19.476312396913933],[-99.30289923848534,19.478507574565494],[-99.30163177860504,19.4850188340665],[-99.29968326130525,19.48582064065864],[-99.29938123208152,19.48626245628165],[-99.29901993007957,19.48660629902879],[-99.29626367630733,19.489497790500472],[-99.30181514961895,19.48992887423771],[-99.30708049645091,19.48846525109836],[-99.30965790663215,19.485225911565657],[-99.31554729899197,19.485319828152825],[-99.3250702748765,19.48381733143643],[-99.33190816162093,19.48142322822509],[-99.33566075747778,19.48566477950448],[-99.33898081792991,19.48706728491087],[-99.33860955236787,19.48854017648304],[-99.3391179286674,19.490273696751018],[-99.3468881312681,19.487991328756525],[-99.35014629338396,19.487758581105723]]]},"properties":{"ID":25438,"ENTIDAD":15,"DISTRITO_F":22,"DISTRITO_L":32,"MUNICIPIO":58,"SECCION":2773,"TIPO":2,"CONTROL":0,"GEOMETRY1_":""}},
{"type":"Feature","geometry":{"type":"Polygon","coordinates":[[[-99.27837624930162,19.50046989700954],[-99.27848454981788,19.50048552645077],[-99.27892072355534,19.500337951659535],[-99.27909562402525,19.500336102449356],[-99.27983908107757,19.500646136495455],[-99.28157822799851,19.500705043795637],[-99.2829949514221,19.49926855416905],[-99.2831230068021,19.499149883637518],[-99.28324609503909,19.49904859642971],[-99.283374141813,19.4989251869237],[-99.28347866463189,19.49868492349051],[-99.28413559006222,19.498089962491527],[-99.2857226170867,19.497856842305765],[-99.28910013297717,19.493784000225155],[-99.28779573836438,19.49278406652793],[-99.28332393517397,19.494004798484603],[-99.28492788713925,19.49067618418653],[-99.2784384820606,19.49244735974809],[-99.27592391457557,19.493116732088833],[-99.27446838762845,19.4950625727602],[-99.27369348071088,19.49927495943633],[-99.2759994461644,19.49961897098626],[-99.27761209559272,19.499742873151117],[-99.27766275218896,19.500144014911147],[-99.27776289084073,19.50025759276371],[-99.27793284526996,19.500285764745815],[-99.27826289485654,19.500421103588483],[-99.27837624930162,19.50046989700954]]]},"properties":{"ID":25439,"ENTIDAD":15,"DISTRITO_F":22,"DISTRITO_L":32,"MUNICIPIO":58,"SECCION":2774,"TIPO":2,"CONTROL":0,"GEOMETRY1_":""}},
{"type":"Feature","geometry":{"type":"Polygon","coordinates":[[[-99.27264918805449,19.492648305518887],[-99.27446838762845,19.4950625727602],[-99.27592391457557,19.493116732088833],[-99.27493652501896,19.490820914446893],[-99.27482175771242,19.49050811241866],[-99.27264918805449,19.492648305518887]]]},"properties":{"ID":25440,"ENTIDAD":15,"DISTRITO_F":22,"DISTRITO_L":32,"MUNICIPIO":58,"SECCION":2775,"TIPO":2,"CONTROL":0,"GEOMETRY1_":""}},
{"type":"Feature","geometry":{"type":"Polygon","coordinates":[[[-99.27198651879544,19.499881790802643],[-99.27369348071088,19.49927495943633],[-99.27446838762845,19.4950625727602],[-99.27264918805449,19.492648305518887],[-99.27156885646447,19.49441506609718],[-99.27004081234888,19.497481855356362],[-99.27198651879544,19.499881790802643]]]},"properties":{"ID":25441,"ENTIDAD":15,"DISTRITO_F":22,"DISTRITO_L":32,"MUNICIPIO":58,"SECCION":2776,"TIPO":2,"CONTROL":0,"GEOMETRY1_":""}},
{"type":"Feature","geometry":{"type":"Polygon","coordinates":[[[-99.26785198252028,19.50159459913036],[-99.27198651879544,19.499881790802643],[-99.27004081234888,19.497481855356362],[-99.26758525562104,19.498508725995574],[-99.26361696468247,19.497121592165403],[-99.26654032053348,19.500923999117433],[-99.26785198252028,19.50159459913036]]]},"properties":{"ID":25442,"ENTIDAD":15,"DISTRITO_F":22,"DISTRITO_L":32,"MUNICIPIO":58,"SECCION":2777,"TIPO":2,"CONTROL":0,"GEOMETRY1_":""}},
{"type":"Feature","geometry":{"type":"Polygon","coordinates":[[[-99.26654032053348,19.500923999117433],[-99.26361696468247,19.497121592165403],[-99.26234548510399,19.4971408512464],[-99.2612633663794,19.497882424510102],[-99.26430589928381,19.500189444432944],[-99.26654032053348,19.500923999117433]]]},"properties":{"ID":25443,"ENTIDAD":15,"DISTRITO_F":22,"DISTRITO_L":32,"MUNICIPIO":58,"SECCION":2778,"TIPO":2,"CONTROL":0,"GEOMETRY1_":""}},
{"type":"Feature","geometry":{"type":"Polygon","coordinates":[[[-99.2550470060364,19.502596646407923],[-99.25972480910747,19.502384515983746],[-99.25942315693982,19.496759823101005],[-99.25802853119477,19.49432592377464],[-99.25651493844802,19.49388737284295],[-99.25622342076946,19.49947955827515],[-99.2550470060364,19.502596646407923]]]},"properties":{"ID":25444,"ENTIDAD":15,"DISTRITO_F":22,"DISTRITO_L":32,"MUNICIPIO":58,"SECCION":2779,"TIPO":2,"CONTROL":0,"GEOMETRY1_":""}},
{"type":"Feature","geometry":{"type":"Polygon","coordinates":[[[-99.25248227148747,19.50302497205629],[-99.2550470060364,19.502596646407923],[-99.25622342076946,19.49947955827515],[-99.25295591425018,19.498345795089275],[-99.25046558421262,19.49746415122369],[-99.25002654032802,19.49809486992242],[-99.25248227148747,19.50302497205629]]]},"properties":{"ID":25445,"ENTIDAD":15,"DISTRITO_F":22,"DISTRITO_L":32,"MUNICIPIO":58,"SECCION":2780,"TIPO":2,"CONTROL":0,"GEOMETRY1_":""}},
{"type":"Feature","geometry":{"type":"Polygon","coordinates":[[[-99.24216555739358,19.506654551005077],[-99.24599444207423,19.506421679795935],[-99.24862998549385,19.504231605440676],[-99.24889360881629,19.50102131474278],[-99.24866110603278,19.5009408351912],[-99.24441841469415,19.502347132745513],[-99.24216555739358,19.506654551005077]]]},"properties":{"ID":25446,"ENTIDAD":15,"DISTRITO_F":22,"DISTRITO_L":32,"MUNICIPIO":58,"SECCION":2781,"TIPO":2,"CONTROL":0,"GEOMETRY1_":""}},
{"type":"Feature","geometry":{"type":"Polygon","coordinates":[[[-99.23761010724621,19.506212522292614],[-99.24216555739358,19.506654551005077],[-99.24441841469415,19.502347132745513],[-99.24866110603278,19.5009408351912],[-99.24526741323974,19.500311314938045],[-99.23848984740016,19.503939195272544],[-99.23761010724621,19.506212522292614]]]},"properties":{"ID":25447,"ENTIDAD":15,"DISTRITO_F":22,"DISTRITO_L":32,"MUNICIPIO":58,"SECCION":2782,"TIPO":2,"CONTROL":0,"GEOMETRY1_":""}},
{"type":"Feature","geometry":{"type":"Polygon","coordinates":[[[-99.23761010724621,19.506212522292614],[-99.23848984740016,19.503939195272544],[-99.24526741323974,19.500311314938045],[-99.24866110603278,19.5009408351912],[-99.24889360881629,19.50102131474278],[-99.24904583097404,19.499258215189258],[-99.24815312138333,19.49798744513968],[-99.24303420423573,19.498722828574525],[-99.23710165666085,19.499274254855454],[-99.2367592631354,19.50174275091288],[-99.23671666187981,19.50440673058804],[-99.23668560961548,19.50613538320523],[-99.23761010724621,19.506212522292614]]]},"properties":{"ID":25448,"ENTIDAD":15,"DISTRITO_F":22,"DISTRITO_L":32,"MUNICIPIO":58,"SECCION":2783,"TIPO":2,"CONTROL":0,"GEOMETRY1_":""}},
{"type":"Feature","geometry":{"type":"Polygon","coordinates":[[[-99.23374406405487,19.506789080415828],[-99.23671666187981,19.50440673058804],[-99.2367592631354,19.50174275091288],[-99.23661930219059,19.498731235228714],[-99.23214834072068,19.49943238742754],[-99.23236256442905,19.5002805042803],[-99.234154764506,19.5040782047292],[-99.23241124702336,19.505441795796862],[-99.23374406405487,19.506789080415828]]]},"properties":{"ID":25449,"ENTIDAD":15,"DISTRITO_F":22,"DISTRITO_L":30,"MUNICIPIO":58,"SECCION":2784,"TIPO":2,"CONTROL":0,"GEOMETRY1_":""}},
{"type":"Feature","geometry":{"type":"Polygon","coordinates":[[[-99.23241124702336,19.505441795796862],[-99.234154764506,19.5040782047292],[-99.23236256442905,19.5002805042803],[-99.23089633086735,19.50051743290193],[-99.23081425211295,19.504542806596433],[-99.23241124702336,19.505441795796862]]]},"properties":{"ID":25450,"ENTIDAD":15,"DISTRITO_F":22,"DISTRITO_L":30,"MUNICIPIO":58,"SECCION":2785,"TIPO":2,"CONTROL":0,"GEOMETRY1_":""}},
{"type":"Feature","geometry":{"type":"Polygon","coordinates":[[[-99.23081425211295,19.504542806596433],[-99.23089633086735,19.50051743290193],[-99.22939544393418,19.501861701953647],[-99.22620781219746,19.504920221199075],[-99.22795130537766,19.505886508385203],[-99.22851444096784,19.50649717895046],[-99.23081425211295,19.504542806596433]]]},"properties":{"ID":25451,"ENTIDAD":15,"DISTRITO_F":22,"DISTRITO_L":30,"MUNICIPIO":58,"SECCION":2786,"TIPO":2,"CONTROL":0,"GEOMETRY1_":""}},
{"type":"Feature","geometry":{"type":"Polygon","coordinates":[[[-99.22620781219746,19.504920221199075],[-99.22939544393418,19.501861701953647],[-99.22858017559551,19.49962813692956],[-99.22747682474461,19.49903293848068],[-99.22234428613183,19.502776561903193],[-99.22620781219746,19.504920221199075]]]},"properties":{"ID":25452,"ENTIDAD":15,"DISTRITO_F":22,"DISTRITO_L":30,"MUNICIPIO":58,"SECCION":2787,"TIPO":2,"CONTROL":0,"GEOMETRY1_":""}},
{"type":"Feature","geometry":{"type":"Polygon","coordinates":[[[-99.22858017559551,19.49962813692956],[-99.22939544393418,19.501861701953647],[-99.23089633086735,19.50051743290193],[-99.23236256442905,19.5002805042803],[-99.23214834072068,19.49943238742754],[-99.22858017559551,19.49962813692956]]]},"properties":{"ID":25453,"ENTIDAD":15,"DISTRITO_F":22,"DISTRITO_L":30,"MUNICIPIO":58,"SECCION":2788,"TIPO":2,"CONTROL":0,"GEOMETRY1_":""}},
{"type":"Feature","geometry":{"type":"Polygon","coordinates":[[[-99.22234428613183,19.502776561903193],[-99.22747682474461,19.49903293848068],[-99.22603821669757,19.498171997998305],[-99.22219110864707,19.50270524898941],[-99.22234428613183,19.502776561903193]]]},"properties":{"ID":25454,"ENTIDAD":15,"DISTRITO_F":22,"DISTRITO_L":30,"MUNICIPIO":58,"SECCION":2789,"TIPO":2,"CONTROL":0,"GEOMETRY1_":""}},
{"type":"Feature","geometry":{"type":"Polygon","coordinates":[[[-99.22858017559551,19.49962813692956],[-99.23214834072068,19.49943238742754],[-99.23661930219059,19.498731235228714],[-99.2367273364161,19.497145904430703],[-99.23144861796804,19.495864228464892],[-99.23000835933179,19.497002369136766],[-99.22747682474461,19.49903293848068],[-99.22858017559551,19.49962813692956]]]},"properties":{"ID":25455,"ENTIDAD":15,"DISTRITO_F":22,"DISTRITO_L":30,"MUNICIPIO":58,"SECCION":2790,"TIPO":2,"CONTROL":0,"GEOMETRY1_":""}},
{"type":"Feature","geometry":{"type":"Polygon","coordinates":[[[-99.2367592631354,19.50174275091288],[-99.23710165666085,19.499274254855454],[-99.24303420423573,19.498722828574525],[-99.24298881774362,19.49822868468757],[-99.24086378166656,19.495693344606956],[-99.2367215686287,19.49663699855499],[-99.2367273364161,19.497145904430703],[-99.23661930219059,19.498731235228714],[-99.2367592631354,19.50174275091288]]]},"properties":{"ID":25456,"ENTIDAD":15,"DISTRITO_F":22,"DISTRITO_L":32,"MUNICIPIO":58,"SECCION":2791,"TIPO":2,"CONTROL":0,"GEOMETRY1_":""}},
{"type":"Feature","geometry":{"type":"Polygon","coordinates":[[[-99.24086378166656,19.495693344606956],[-99.24298881774362,19.49822868468757],[-99.24377224027373,19.49436084826856],[-99.24086378166656,19.495693344606956]]]},"properties":{"ID":25457,"ENTIDAD":15,"DISTRITO_F":22,"DISTRITO_L":32,"MUNICIPIO":58,"SECCION":2792,"TIPO":2,"CONTROL":0,"GEOMETRY1_":""}},
{"type":"Feature","geometry":{"type":"Polygon","coordinates":[[[-99.24303420423573,19.498722828574525],[-99.24815312138333,19.49798744513968],[-99.25002654032802,19.49809486992242],[-99.25046558421262,19.49746415122369],[-99.24980282464914,19.49706009891231],[-99.24498617519225,19.4926978442489],[-99.24457639820216,19.49232649321828],[-99.24377224027373,19.49436084826856],[-99.24298881774362,19.49822868468757],[-99.24303420423573,19.498722828574525]]]},"properties":{"ID":25458,"ENTIDAD":15,"DISTRITO_F":22,"DISTRITO_L":32,"MUNICIPIO":58,"SECCION":2793,"TIPO":2,"CONTROL":0,"GEOMETRY1_":""}},
{"type":"Feature","geometry":{"type":"Polygon","coordinates":[[[-99.25295591425018,19.498345795089275],[-99.253305743117,19.496974173145546],[-99.25005428332626,19.495869341169218],[-99.24980282464914,19.49706009891231],[-99.25046558421262,19.49746415122369],[-99.25295591425018,19.498345795089275]]]},"properties":{"ID":25459,"ENTIDAD":15,"DISTRITO_F":22,"DISTRITO_L":32,"MUNICIPIO":58,"SECCION":2794,"TIPO":2,"CONTROL":0,"GEOMETRY1_":""}},
{"type":"Feature","geometry":{"type":"Polygon","coordinates":[[[-99.25005428332626,19.495869341169218],[-99.253305743117,19.496974173145546],[-99.25343057224673,19.493378745560115],[-99.25077795635646,19.493400529259837],[-99.25005428332626,19.495869341169218]]]},"properties":{"ID":25460,"ENTIDAD":15,"DISTRITO_F":22,"DISTRITO_L":32,"MUNICIPIO":58,"SECCION":2795,"TIPO":2,"CONTROL":0,"GEOMETRY1_":""}},
{"type":"Feature","geometry":{"type":"Polygon","coordinates":[[[-99.25622342076946,19.49947955827515],[-99.25651493844802,19.49388737284295],[-99.25380729496901,19.492829300706827],[-99.25343057224673,19.493378745560115],[-99.253305743117,19.496974173145546],[-99.25295591425018,19.498345795089275],[-99.25622342076946,19.49947955827515]]]},"properties":{"ID":25461,"ENTIDAD":15,"DISTRITO_F":22,"DISTRITO_L":32,"MUNICIPIO":58,"SECCION":2796,"TIPO":2,"CONTROL":0,"GEOMETRY1_":""}},
{"type":"Feature","geometry":{"type":"Polygon","coordinates":[[[-99.2612633663794,19.497882424510102],[-99.26234548510399,19.4971408512464],[-99.26326448794477,19.492757143903834],[-99.2629530673422,19.49035474475849],[-99.26097013455045,19.49034890744203],[-99.25802853119477,19.49432592377464],[-99.25942315693982,19.496759823101005],[-99.2612633663794,19.497882424510102]]]},"properties":{"ID":25462,"ENTIDAD":15,"DISTRITO_F":22,"DISTRITO_L":32,"MUNICIPIO":58,"SECCION":2797,"TIPO":2,"CONTROL":0,"GEOMETRY1_":""}},
{"type":"Feature","geometry":{"type":"Polygon","coordinates":[[[-99.26758525562104,19.498508725995574],[-99.26799172065354,19.49515741195345],[-99.26427477700571,19.495863707324816],[-99.26337217151816,19.49272600423988],[-99.26326448794477,19.492757143903834],[-99.26234548510399,19.4971408512464],[-99.26361696468247,19.497121592165403],[-99.26758525562104,19.498508725995574]]]},"properties":{"ID":25463,"ENTIDAD":15,"DISTRITO_F":22,"DISTRITO_L":32,"MUNICIPIO":58,"SECCION":2798,"TIPO":2,"CONTROL":0,"GEOMETRY1_":""}},
{"type":"Feature","geometry":{"type":"Polygon","coordinates":[[[-99.26337217151816,19.49272600423988],[-99.26427477700571,19.495863707324816],[-99.26799172065354,19.49515741195345],[-99.2713780712572,19.494412359494735],[-99.27153346294652,19.49400729856994],[-99.26650014214704,19.4925042897963],[-99.26337217151816,19.49272600423988]]]},"properties":{"ID":25464,"ENTIDAD":15,"DISTRITO_F":22,"DISTRITO_L":32,"MUNICIPIO":58,"SECCION":2799,"TIPO":2,"CONTROL":0,"GEOMETRY1_":""}},
{"type":"Feature","geometry":{"type":"Polygon","coordinates":[[[-99.26758525562104,19.498508725995574],[-99.27004081234888,19.497481855356362],[-99.27156885646447,19.49441506609718],[-99.2713780712572,19.494412359494735],[-99.26799172065354,19.49515741195345],[-99.26758525562104,19.498508725995574]]]},"properties":{"ID":25465,"ENTIDAD":15,"DISTRITO_F":22,"DISTRITO_L":32,"MUNICIPIO":58,"SECCION":2800,"TIPO":2,"CONTROL":0,"GEOMETRY1_":""}},
{"type":"Feature","geometry":{"type":"Polygon","coordinates":[[[-99.27493652501896,19.490820914446893],[-99.2769196864539,19.490103664650814],[-99.27720292158283,19.489958780721377],[-99.27740573204031,19.48979395699667],[-99.27737167861154,19.48967363368798],[-99.27737137109025,19.48949307094632],[-99.27762830196005,19.488810549503274],[-99.27793586550796,19.487907578948114],[-99.28328898768585,19.490054423699416],[-99.28663574206766,19.484784169636292],[-99.28926118348458,19.477554143491723],[-99.29347869150072,19.47761040612672],[-99.29413736663129,19.47748956938462],[-99.29411660915673,19.47743250291678],[-99.29406905735415,19.477336718400917],[-99.29401210011089,19.477279892951504],[-99.29356324639416,19.477094888720355],[-99.29200213382636,19.476666033679688],[-99.28946490455847,19.476166830835652],[-99.28741071701539,19.475535016762795],[-99.28730421311904,19.47531035700145],[-99.28707308476689,19.475607919828988],[-99.28694664136282,19.47646831315955],[-99.28530359599269,19.479196786549124],[-99.28495853732652,19.48191245616548],[-99.27625387973815,19.484077475481207],[-99.2743154229679,19.487602168291208],[-99.27482175771242,19.49050811241866],[-99.27493652501896,19.490820914446893]]]},"properties":{"ID":25466,"ENTIDAD":15,"DISTRITO_F":22,"DISTRITO_L":32,"MUNICIPIO":58,"SECCION":2801,"TIPO":2,"CONTROL":0,"GEOMETRY1_":""}},
{"type":"Feature","geometry":{"type":"Polygon","coordinates":[[[-99.27592391457557,19.493116732088833],[-99.2784384820606,19.49244735974809],[-99.27791043639583,19.491172261271117],[-99.27759214596593,19.490249915947157],[-99.27747244786244,19.49004115594179],[-99.27740573204031,19.48979395699667],[-99.27720292158283,19.489958780721377],[-99.2769196864539,19.490103664650814],[-99.27493652501896,19.490820914446893],[-99.27592391457557,19.493116732088833]]]},"properties":{"ID":25467,"ENTIDAD":15,"DISTRITO_F":22,"DISTRITO_L":32,"MUNICIPIO":58,"SECCION":2802,"TIPO":2,"CONTROL":0,"GEOMETRY1_":""}},
{"type":"Feature","geometry":{"type":"Polygon","coordinates":[[[-99.28492788713925,19.49067618418653],[-99.28332393517397,19.494004798484603],[-99.28779573836438,19.49278406652793],[-99.28492788713925,19.49067618418653]]]},"properties":{"ID":25468,"ENTIDAD":15,"DISTRITO_F":22,"DISTRITO_L":32,"MUNICIPIO":58,"SECCION":2803,"TIPO":2,"CONTROL":0,"GEOMETRY1_":""}},
{"type":"Feature","geometry":{"type":"Polygon","coordinates":[[[-99.29968326130525,19.48582064065864],[-99.30163177860504,19.4850188340665],[-99.30289923848534,19.478507574565494],[-99.30110513879451,19.476312396913933],[-99.30119407987033,19.47595012170386],[-99.30093669905642,19.47582121815496],[-99.29572527288592,19.47761712377868],[-99.29413736663061,19.47748956900518],[-99.29384783898207,19.477525747085622],[-99.29347869150004,19.477610405747342],[-99.29102628276533,19.477467256080015],[-99.2892611834839,19.477554143112283],[-99.286635742067,19.484784169257843],[-99.2832889876852,19.490054423321656],[-99.2779358655073,19.487907578570113],[-99.27737137108961,19.489493070568418],[-99.2773716786109,19.4896736333101],[-99.27740573203965,19.489793956618858],[-99.2774724478618,19.49004115556404],[-99.27759214596527,19.49024991556942],[-99.27791043639517,19.491172260893496],[-99.27853362431526,19.49217199095207],[-99.28358137699729,19.490185290133688],[-99.28620185028927,19.4909421571341],[-99.2891001329765,19.493783999847878],[-99.29626367630733,19.489497790500472],[-99.29901993007957,19.48660629902879],[-99.29938123208152,19.48626245628165],[-99.29968326130525,19.48582064065864]]]},"properties":{"ID":25469,"ENTIDAD":15,"DISTRITO_F":22,"DISTRITO_L":32,"MUNICIPIO":58,"SECCION":2804,"TIPO":2,"CONTROL":0,"GEOMETRY1_":""}},
{"type":"Feature","geometry":{"type":"Polygon","coordinates":[[[-99.27156885646447,19.49441506609718],[-99.27264918805449,19.492648305518887],[-99.27482175771242,19.49050811241866],[-99.2743154229679,19.487602168291208],[-99.27382388479592,19.48767365763065],[-99.26858244032547,19.488580312202668],[-99.26815659074585,19.492140545921306],[-99.27153346294652,19.49400729856994],[-99.2713780712572,19.494412359494735],[-99.27156885646447,19.49441506609718]]]},"properties":{"ID":25470,"ENTIDAD":15,"DISTRITO_F":22,"DISTRITO_L":32,"MUNICIPIO":58,"SECCION":2805,"TIPO":2,"CONTROL":0,"GEOMETRY1_":""}},
{"type":"Feature","geometry":{"type":"Polygon","coordinates":[[[-99.27153346294652,19.49400729856994],[-99.26815659074585,19.492140545921306],[-99.26858244032547,19.488580312202668],[-99.26775732965586,19.488524352592336],[-99.26626035426317,19.488445067643546],[-99.26650014214704,19.4925042897963],[-99.27153346294652,19.49400729856994]]]},"properties":{"ID":25471,"ENTIDAD":15,"DISTRITO_F":22,"DISTRITO_L":32,"MUNICIPIO":58,"SECCION":2806,"TIPO":2,"CONTROL":0,"GEOMETRY1_":""}},
{"type":"Feature","geometry":{"type":"Polygon","coordinates":[[[-99.26326448794477,19.492757143903834],[-99.26337217151816,19.49272600423988],[-99.26650014214704,19.4925042897963],[-99.26626035426317,19.488445067643546],[-99.26249543752726,19.488246006958146],[-99.2629530673422,19.49035474475849],[-99.26326448794477,19.492757143903834]]]},"properties":{"ID":25472,"ENTIDAD":15,"DISTRITO_F":22,"DISTRITO_L":32,"MUNICIPIO":58,"SECCION":2807,"TIPO":2,"CONTROL":0,"GEOMETRY1_":""}},
{"type":"Feature","geometry":{"type":"Polygon","coordinates":[[[-99.25609139671084,19.49098024388337],[-99.26097013455045,19.49034890744203],[-99.2629530673422,19.49035474475849],[-99.26249543752726,19.488246006958146],[-99.25823426882832,19.487934514221948],[-99.25609139671084,19.49098024388337]]]},"properties":{"ID":25473,"ENTIDAD":15,"DISTRITO_F":22,"DISTRITO_L":32,"MUNICIPIO":58,"SECCION":2808,"TIPO":2,"CONTROL":0,"GEOMETRY1_":""}},
{"type":"Feature","geometry":{"type":"Polygon","coordinates":[[[-99.25802853119477,19.49432592377464],[-99.26097013455045,19.49034890744203],[-99.25609139671084,19.49098024388337],[-99.25380729496901,19.492829300706827],[-99.25651493844802,19.49388737284295],[-99.25802853119477,19.49432592377464]]]},"properties":{"ID":25474,"ENTIDAD":15,"DISTRITO_F":22,"DISTRITO_L":32,"MUNICIPIO":58,"SECCION":2809,"TIPO":2,"CONTROL":0,"GEOMETRY1_":""}},
{"type":"Feature","geometry":{"type":"Polygon","coordinates":[[[-99.25343057224673,19.493378745560115],[-99.25380729496901,19.492829300706827],[-99.25609139671084,19.49098024388337],[-99.24777151165456,19.48946022520188],[-99.25069388402433,19.492114387263737],[-99.25077795635646,19.493400529259837],[-99.25343057224673,19.493378745560115]]]},"properties":{"ID":25475,"ENTIDAD":15,"DISTRITO_F":22,"DISTRITO_L":32,"MUNICIPIO":58,"SECCION":2810,"TIPO":2,"CONTROL":0,"GEOMETRY1_":""}},
{"type":"Feature","geometry":{"type":"Polygon","coordinates":[[[-99.24980282464914,19.49706009891231],[-99.25005428332626,19.495869341169218],[-99.25077795635646,19.493400529259837],[-99.25069388402433,19.492114387263737],[-99.24716121459483,19.49227447389418],[-99.24498617519225,19.4926978442489],[-99.24980282464914,19.49706009891231]]]},"properties":{"ID":25476,"ENTIDAD":15,"DISTRITO_F":22,"DISTRITO_L":32,"MUNICIPIO":58,"SECCION":2811,"TIPO":2,"CONTROL":0,"GEOMETRY1_":""}},
{"type":"Feature","geometry":{"type":"Polygon","coordinates":[[[-99.24716121459483,19.49227447389418],[-99.25069388402433,19.492114387263737],[-99.24777151165456,19.48946022520188],[-99.24694114310388,19.488824142075888],[-99.24716121459483,19.49227447389418]]]},"properties":{"ID":25477,"ENTIDAD":15,"DISTRITO_F":22,"DISTRITO_L":32,"MUNICIPIO":58,"SECCION":2812,"TIPO":2,"CONTROL":0,"GEOMETRY1_":""}},
{"type":"Feature","geometry":{"type":"Polygon","coordinates":[[[-99.2367215686287,19.49663699855499],[-99.24086378166656,19.495693344606956],[-99.24377224027373,19.49436084826856],[-99.24457639820216,19.49232649321828],[-99.24483602034545,19.488089658016268],[-99.244828299872,19.487668335719313],[-99.24005304648682,19.482768113286905],[-99.23982630168506,19.482773745459813],[-99.23405128920687,19.484095305320622],[-99.23681086618096,19.49057962866753],[-99.23681050495817,19.49147385798084],[-99.2367215686287,19.49663699855499]]]},"properties":{"ID":25478,"ENTIDAD":15,"DISTRITO_F":22,"DISTRITO_L":32,"MUNICIPIO":58,"SECCION":2813,"TIPO":2,"CONTROL":0,"GEOMETRY1_":""}},
{"type":"Feature","geometry":{"type":"Polygon","coordinates":[[[-99.23144861796804,19.495864228464892],[-99.2367273364161,19.497145904430703],[-99.2367215686287,19.49663699855499],[-99.23681050495817,19.49147385798084],[-99.23256919623421,19.49490029760989],[-99.23144861796804,19.495864228464892]]]},"properties":{"ID":25479,"ENTIDAD":15,"DISTRITO_F":22,"DISTRITO_L":30,"MUNICIPIO":58,"SECCION":2814,"TIPO":2,"CONTROL":0,"GEOMETRY1_":""}},
{"type":"Feature","geometry":{"type":"Polygon","coordinates":[[[-99.23000835933179,19.497002369136766],[-99.23144861796804,19.495864228464892],[-99.23256919623421,19.49490029760989],[-99.23203934460635,19.491988885504675],[-99.22792415380783,19.49078791522824],[-99.2273874435922,19.492482973054866],[-99.23000153913654,19.493245937391247],[-99.23000835933179,19.497002369136766]]]},"properties":{"ID":25480,"ENTIDAD":15,"DISTRITO_F":22,"DISTRITO_L":30,"MUNICIPIO":58,"SECCION":2815,"TIPO":2,"CONTROL":0,"GEOMETRY1_":""}},
{"type":"Feature","geometry":{"type":"Polygon","coordinates":[[[-99.22747682474461,19.49903293848068],[-99.23000835933179,19.497002369136766],[-99.23000153913654,19.493245937391247],[-99.2273874435922,19.492482973054866],[-99.22603821669757,19.498171997998305],[-99.22747682474461,19.49903293848068]]]},"properties":{"ID":25481,"ENTIDAD":15,"DISTRITO_F":22,"DISTRITO_L":30,"MUNICIPIO":58,"SECCION":2816,"TIPO":2,"CONTROL":0,"GEOMETRY1_":""}},
{"type":"Feature","geometry":{"type":"Polygon","coordinates":[[[-99.22547212047,19.497790428803892],[-99.2264238816947,19.493089778143386],[-99.22250664999737,19.4923963433268],[-99.22204334994004,19.49547923745738],[-99.22547212047,19.497790428803892]]]},"properties":{"ID":25482,"ENTIDAD":15,"DISTRITO_F":22,"DISTRITO_L":30,"MUNICIPIO":58,"SECCION":2817,"TIPO":2,"CONTROL":0,"GEOMETRY1_":""}},
{"type":"Feature","geometry":{"type":"Polygon","coordinates":[[[-99.22204334994004,19.49547923745738],[-99.22250664999737,19.4923963433268],[-99.2229647343393,19.489058812310308],[-99.22231507500511,19.488757070581297],[-99.22064083716883,19.489846648673872],[-99.2203052015488,19.489758500736446],[-99.2204393202068,19.49035698667113],[-99.22056536653656,19.491222366141685],[-99.22059338163238,19.492083082990188],[-99.21947388799964,19.493755558860972],[-99.22204334994004,19.49547923745738]]]},"properties":{"ID":25483,"ENTIDAD":15,"DISTRITO_F":22,"DISTRITO_L":30,"MUNICIPIO":58,"SECCION":2818,"TIPO":2,"CONTROL":0,"GEOMETRY1_":""}},
{"type":"Feature","geometry":{"type":"Polygon","coordinates":[[[-99.21947388799964,19.493755558860972],[-99.22059338163238,19.492083082990188],[-99.21866550514102,19.49150379543904],[-99.21808054667564,19.4932697574804],[-99.21947388799964,19.493755558860972]]]},"properties":{"ID":25484,"ENTIDAD":15,"DISTRITO_F":22,"DISTRITO_L":30,"MUNICIPIO":58,"SECCION":2819,"TIPO":2,"CONTROL":0,"GEOMETRY1_":""}},
{"type":"Feature","geometry":{"type":"Polygon","coordinates":[[[-99.2154154282103,19.492519004183453],[-99.21808054667564,19.4932697574804],[-99.21866550514102,19.49150379543904],[-99.21670959818762,19.490907692681155],[-99.21605678013395,19.490708727290922],[-99.21545712734415,19.492401305282435],[-99.2154154282103,19.492519004183453]]]},"properties":{"ID":25485,"ENTIDAD":15,"DISTRITO_F":22,"DISTRITO_L":30,"MUNICIPIO":58,"SECCION":2820,"TIPO":2,"CONTROL":0,"GEOMETRY1_":""}},
{"type":"Feature","geometry":{"type":"Polygon","coordinates":[[[-99.22056536653656,19.491222366141685],[-99.2204393202068,19.49035698667113],[-99.21660209060094,19.489175336272634],[-99.21631909308122,19.489929802035025],[-99.22056536653656,19.491222366141685]]]},"properties":{"ID":25486,"ENTIDAD":15,"DISTRITO_F":22,"DISTRITO_L":30,"MUNICIPIO":58,"SECCION":2821,"TIPO":2,"CONTROL":0,"GEOMETRY1_":""}},
{"type":"Feature","geometry":{"type":"Polygon","coordinates":[[[-99.22059338163238,19.492083082990188],[-99.22056536653656,19.491222366141685],[-99.21631909308122,19.489929802035025],[-99.21670959818762,19.490907692681155],[-99.21866550514102,19.49150379543904],[-99.22059338163238,19.492083082990188]]]},"properties":{"ID":25487,"ENTIDAD":15,"DISTRITO_F":22,"DISTRITO_L":30,"MUNICIPIO":58,"SECCION":2822,"TIPO":2,"CONTROL":0,"GEOMETRY1_":""}},
{"type":"Feature","geometry":{"type":"Polygon","coordinates":[[[-99.2204393202068,19.49035698667113],[-99.2203052015488,19.489758500736446],[-99.22016513454975,19.489278771873554],[-99.2169107339549,19.488293519073423],[-99.21660209060094,19.489175336272634],[-99.2204393202068,19.49035698667113]]]},"properties":{"ID":25488,"ENTIDAD":15,"DISTRITO_F":22,"DISTRITO_L":30,"MUNICIPIO":58,"SECCION":2823,"TIPO":2,"CONTROL":0,"GEOMETRY1_":""}},
{"type":"Feature","geometry":{"type":"Polygon","coordinates":[[[-99.22016513454975,19.489278771873554],[-99.21948302972723,19.48698783586681],[-99.21721426922103,19.487455779811178],[-99.2169107339549,19.488293519073423],[-99.22016513454975,19.489278771873554]]]},"properties":{"ID":25489,"ENTIDAD":15,"DISTRITO_F":22,"DISTRITO_L":30,"MUNICIPIO":58,"SECCION":2824,"TIPO":2,"CONTROL":0,"GEOMETRY1_":""}},
{"type":"Feature","geometry":{"type":"Polygon","coordinates":[[[-99.22603821669757,19.498171997998305],[-99.2273874435922,19.492482973054866],[-99.22792415380783,19.49078791522824],[-99.2229647343393,19.489058812310308],[-99.22250664999737,19.4923963433268],[-99.2264238816947,19.493089778143386],[-99.22547212047,19.497790428803892],[-99.22603821669757,19.498171997998305]]]},"properties":{"ID":25490,"ENTIDAD":15,"DISTRITO_F":22,"DISTRITO_L":30,"MUNICIPIO":58,"SECCION":2825,"TIPO":2,"CONTROL":0,"GEOMETRY1_":""}},
{"type":"Feature","geometry":{"type":"Polygon","coordinates":[[[-99.22792415380783,19.49078791522824],[-99.2289726418703,19.48779166785084],[-99.22660667606372,19.487161390663132],[-99.22614880572519,19.487015852037114],[-99.22567735999567,19.486883221305195],[-99.22585776800618,19.486272768229334],[-99.22531352452418,19.48611315803634],[-99.22286751592355,19.486822103795454],[-99.22231507500511,19.488757070581297],[-99.2229647343393,19.489058812310308],[-99.22792415380783,19.49078791522824]]]},"properties":{"ID":25491,"ENTIDAD":15,"DISTRITO_F":22,"DISTRITO_L":30,"MUNICIPIO":58,"SECCION":2826,"TIPO":2,"CONTROL":0,"GEOMETRY1_":""}},
{"type":"Feature","geometry":{"type":"Polygon","coordinates":[[[-99.23203934460635,19.491988885504675],[-99.23253258316484,19.490591670854393],[-99.23329076381857,19.48577346895061],[-99.22963632589314,19.485862673035964],[-99.2289726418703,19.48779166785084],[-99.22792415380783,19.49078791522824],[-99.23203934460635,19.491988885504675]]]},"properties":{"ID":25492,"ENTIDAD":15,"DISTRITO_F":22,"DISTRITO_L":30,"MUNICIPIO":58,"SECCION":2827,"TIPO":2,"CONTROL":0,"GEOMETRY1_":""}},
{"type":"Feature","geometry":{"type":"Polygon","coordinates":[[[-99.23256919623421,19.49490029760989],[-99.23681050495817,19.49147385798084],[-99.23681086618096,19.49057962866753],[-99.23253258316484,19.490591670854393],[-99.23203934460635,19.491988885504675],[-99.23256919623421,19.49490029760989]]]},"properties":{"ID":25493,"ENTIDAD":15,"DISTRITO_F":22,"DISTRITO_L":30,"MUNICIPIO":58,"SECCION":2828,"TIPO":2,"CONTROL":0,"GEOMETRY1_":""}},
{"type":"Feature","geometry":{"type":"Polygon","coordinates":[[[-99.23253258316484,19.490591670854393],[-99.23681086618096,19.49057962866753],[-99.23405128920687,19.484095305320622],[-99.23385457725502,19.48370165059059],[-99.23329076381857,19.48577346895061],[-99.23253258316484,19.490591670854393]]]},"properties":{"ID":25494,"ENTIDAD":15,"DISTRITO_F":22,"DISTRITO_L":30,"MUNICIPIO":58,"SECCION":2829,"TIPO":2,"CONTROL":0,"GEOMETRY1_":""}},
{"type":"Feature","geometry":{"type":"Polygon","coordinates":[[[-99.24498617519225,19.4926978442489],[-99.24716121459483,19.49227447389418],[-99.24694114310388,19.488824142075888],[-99.24483602034545,19.488089658016268],[-99.24457639820216,19.49232649321828],[-99.24498617519225,19.4926978442489]]]},"properties":{"ID":25495,"ENTIDAD":15,"DISTRITO_F":22,"DISTRITO_L":32,"MUNICIPIO":58,"SECCION":2830,"TIPO":2,"CONTROL":0,"GEOMETRY1_":""}},
{"type":"Feature","geometry":{"type":"Polygon","coordinates":[[[-99.25609139671084,19.49098024388337],[-99.25823426882832,19.487934514221948],[-99.25731212601482,19.487864735983226],[-99.25062481507226,19.48740711018539],[-99.24757668973268,19.486797725774796],[-99.244828299872,19.487668335719313],[-99.24483602034545,19.488089658016268],[-99.24694114310388,19.488824142075888],[-99.24777151165456,19.48946022520188],[-99.25609139671084,19.49098024388337]]]},"properties":{"ID":25496,"ENTIDAD":15,"DISTRITO_F":22,"DISTRITO_L":32,"MUNICIPIO":58,"SECCION":2831,"TIPO":2,"CONTROL":0,"GEOMETRY1_":""}},
{"type":"Feature","geometry":{"type":"Polygon","coordinates":[[[-99.25855751005035,19.486259424544816],[-99.2624859097109,19.485026622107586],[-99.25890530009887,19.485791162263485],[-99.25855751005035,19.486259424544816]]]},"properties":{"ID":25497,"ENTIDAD":15,"DISTRITO_F":22,"DISTRITO_L":32,"MUNICIPIO":58,"SECCION":2832,"TIPO":2,"CONTROL":0,"GEOMETRY1_":""}},
{"type":"Feature","geometry":{"type":"Polygon","coordinates":[[[-99.25062481507226,19.48740711018539],[-99.2474628416847,19.48662411782579],[-99.24757668973268,19.486797725774796],[-99.25062481507226,19.48740711018539]]]},"properties":{"ID":25498,"ENTIDAD":15,"DISTRITO_F":22,"DISTRITO_L":32,"MUNICIPIO":58,"SECCION":2833,"TIPO":2,"CONTROL":0,"GEOMETRY1_":""}},
{"type":"Feature","geometry":{"type":"Polygon","coordinates":[[[-99.244828299872,19.487668335719313],[-99.24757668973268,19.486797725774796],[-99.2474628416847,19.48662411782579],[-99.2440232110481,19.481989543829496],[-99.24012417760059,19.482480612106876],[-99.24005304648682,19.482768113286905],[-99.244828299872,19.487668335719313]]]},"properties":{"ID":25499,"ENTIDAD":15,"DISTRITO_F":22,"DISTRITO_L":32,"MUNICIPIO":58,"SECCION":2834,"TIPO":2,"CONTROL":0,"GEOMETRY1_":""}},
{"type":"Feature","geometry":{"type":"Polygon","coordinates":[[[-99.25731212601482,19.487864735983226],[-99.25855751005035,19.486259424544816],[-99.25890530009887,19.485791162263485],[-99.26100705421685,19.48069915366401],[-99.25699205295346,19.47763930189493],[-99.25665343967954,19.477075203850777],[-99.255452738494,19.479811364392766],[-99.25208788330731,19.477756174925485],[-99.25026472244899,19.47977108832204],[-99.2440232110481,19.481989543829496],[-99.2474628416847,19.48662411782579],[-99.25062481507226,19.48740711018539],[-99.25731212601482,19.487864735983226]]]},"properties":{"ID":25500,"ENTIDAD":15,"DISTRITO_F":22,"DISTRITO_L":32,"MUNICIPIO":58,"SECCION":2835,"TIPO":2,"CONTROL":0,"GEOMETRY1_":""}},
{"type":"Feature","geometry":{"type":"Polygon","coordinates":[[[-99.25208788330731,19.477756174925485],[-99.255452738494,19.479811364392766],[-99.25665343967954,19.477075203850777],[-99.25516025330269,19.476285751889503],[-99.25208788330731,19.477756174925485]]]},"properties":{"ID":25501,"ENTIDAD":15,"DISTRITO_F":22,"DISTRITO_L":32,"MUNICIPIO":58,"SECCION":2836,"TIPO":2,"CONTROL":0,"GEOMETRY1_":""}},
{"type":"Feature","geometry":{"type":"Polygon","coordinates":[[[-99.26100705421685,19.48069915366401],[-99.26187301695742,19.477857532630377],[-99.26202319588577,19.477322181862583],[-99.25699205295346,19.47763930189493],[-99.26100705421685,19.48069915366401]]]},"properties":{"ID":25502,"ENTIDAD":15,"DISTRITO_F":22,"DISTRITO_L":32,"MUNICIPIO":58,"SECCION":2837,"TIPO":2,"CONTROL":0,"GEOMETRY1_":""}},
{"type":"Feature","geometry":{"type":"Polygon","coordinates":[[[-99.25699205295346,19.47763930189493],[-99.26202319588577,19.477322181862583],[-99.26208457284869,19.474545717531385],[-99.2560493712497,19.47296461998518],[-99.25516025330269,19.476285751889503],[-99.25665343967954,19.477075203850777],[-99.25699205295346,19.47763930189493]]]},"properties":{"ID":25503,"ENTIDAD":15,"DISTRITO_F":22,"DISTRITO_L":32,"MUNICIPIO":58,"SECCION":2838,"TIPO":2,"CONTROL":0,"GEOMETRY1_":""}},
{"type":"Feature","geometry":{"type":"Polygon","coordinates":[[[-99.26208457284869,19.474545717531385],[-99.25748048271498,19.47024932918987],[-99.2560493712497,19.47296461998518],[-99.26208457284869,19.474545717531385]]]},"properties":{"ID":25504,"ENTIDAD":15,"DISTRITO_F":22,"DISTRITO_L":32,"MUNICIPIO":58,"SECCION":2839,"TIPO":2,"CONTROL":0,"GEOMETRY1_":""}},
{"type":"Feature","geometry":{"type":"Polygon","coordinates":[[[-99.27142620034942,19.519686495684166],[-99.2739743557977,19.5200197979375],[-99.27446256671186,19.51549330142442],[-99.27142620034942,19.519686495684166]]]},"properties":{"ID":25505,"ENTIDAD":15,"DISTRITO_F":22,"DISTRITO_L":32,"MUNICIPIO":58,"SECCION":2840,"TIPO":2,"CONTROL":0,"GEOMETRY1_":""}},
{"type":"Feature","geometry":{"type":"Polygon","coordinates":[[[-99.2713488610191,19.517698053764175],[-99.27142620034942,19.519686495684166],[-99.27446256671186,19.51549330142442],[-99.27334918147398,19.51495183762847],[-99.27152780607678,19.516504650224864],[-99.27122467518824,19.517206949170266],[-99.2710679482691,19.51738672782068],[-99.27112096907045,19.51746188029706],[-99.2713488610191,19.517698053764175]]]},"properties":{"ID":25506,"ENTIDAD":15,"DISTRITO_F":22,"DISTRITO_L":32,"MUNICIPIO":58,"SECCION":2841,"TIPO":2,"CONTROL":0,"GEOMETRY1_":""}},
{"type":"Feature","geometry":{"type":"Polygon","coordinates":[[[-99.22963632589314,19.485862673035964],[-99.23329076381857,19.48577346895061],[-99.23385457725502,19.48370165059059],[-99.23363886601807,19.483274200956085],[-99.23273416091929,19.481530084135215],[-99.23060955384089,19.483062431132193],[-99.23037197720625,19.483746013106824],[-99.22963632589314,19.485862673035964]]]},"properties":{"ID":25507,"ENTIDAD":15,"DISTRITO_F":22,"DISTRITO_L":30,"MUNICIPIO":58,"SECCION":2842,"TIPO":2,"CONTROL":0,"GEOMETRY1_":""}},
{"type":"Feature","geometry":{"type":"Polygon","coordinates":[[[-99.2289726418703,19.48779166785084],[-99.22963632589314,19.485862673035964],[-99.23037197720625,19.483746013106824],[-99.22932918877477,19.483436631296296],[-99.22716363029409,19.487043784301513],[-99.22660667606372,19.487161390663132],[-99.2289726418703,19.48779166785084]]]},"properties":{"ID":25508,"ENTIDAD":15,"DISTRITO_F":22,"DISTRITO_L":30,"MUNICIPIO":58,"SECCION":2843,"TIPO":2,"CONTROL":0,"GEOMETRY1_":""}},
{"type":"Feature","geometry":{"type":"Polygon","coordinates":[[[-99.22716363029409,19.487043784301513],[-99.22932918877477,19.483436631296296],[-99.22837474445996,19.48316858158061],[-99.22716363029409,19.487043784301513]]]},"properties":{"ID":25509,"ENTIDAD":15,"DISTRITO_F":22,"DISTRITO_L":30,"MUNICIPIO":58,"SECCION":2844,"TIPO":2,"CONTROL":0,"GEOMETRY1_":""}},
{"type":"Feature","geometry":{"type":"Polygon","coordinates":[[[-99.22660667606372,19.487161390663132],[-99.22716363029409,19.487043784301513],[-99.22837474445996,19.48316858158061],[-99.22743020701097,19.48290051436129],[-99.22614880572519,19.487015852037114],[-99.22660667606372,19.487161390663132]]]},"properties":{"ID":25510,"ENTIDAD":15,"DISTRITO_F":22,"DISTRITO_L":30,"MUNICIPIO":58,"SECCION":2845,"TIPO":2,"CONTROL":0,"GEOMETRY1_":""}},
{"type":"Feature","geometry":{"type":"Polygon","coordinates":[[[-99.21969583692884,19.480146560917333],[-99.22271759857884,19.481029216347444],[-99.22358245992962,19.484515438191572],[-99.22531352452418,19.48611315803634],[-99.22585776800618,19.486272768229334],[-99.22567735999567,19.486883221305195],[-99.22614880572519,19.487015852037114],[-99.22743020701097,19.48290051436129],[-99.22800482530928,19.480683129076898],[-99.22538492872768,19.47682916186212],[-99.221117345227,19.474980937576525],[-99.22036914689933,19.478237115810035],[-99.2197557277341,19.47997672086757],[-99.21969583692884,19.480146560917333]]]},"properties":{"ID":25511,"ENTIDAD":15,"DISTRITO_F":22,"DISTRITO_L":30,"MUNICIPIO":58,"SECCION":2846,"TIPO":2,"CONTROL":0,"GEOMETRY1_":""}},
{"type":"Feature","geometry":{"type":"Polygon","coordinates":[[[-99.22286751592355,19.486822103795454],[-99.22531352452418,19.48611315803634],[-99.22358245992962,19.484515438191572],[-99.2219115363104,19.485344404183166],[-99.22158652378386,19.486505375070976],[-99.22286751592355,19.486822103795454]]]},"properties":{"ID":25512,"ENTIDAD":15,"DISTRITO_F":22,"DISTRITO_L":30,"MUNICIPIO":58,"SECCION":2847,"TIPO":2,"CONTROL":0,"GEOMETRY1_":""}},
{"type":"Feature","geometry":{"type":"Polygon","coordinates":[[[-99.22064083716883,19.489846648673872],[-99.22231507500511,19.488757070581297],[-99.22286751592355,19.486822103795454],[-99.22158652378386,19.486505375070976],[-99.22064083716883,19.489846648673872]]]},"properties":{"ID":25513,"ENTIDAD":15,"DISTRITO_F":22,"DISTRITO_L":30,"MUNICIPIO":58,"SECCION":2848,"TIPO":2,"CONTROL":0,"GEOMETRY1_":""}},
{"type":"Feature","geometry":{"type":"Polygon","coordinates":[[[-99.22064083716883,19.489846648673872],[-99.22158652378386,19.486505375070976],[-99.2219115363104,19.485344404183166],[-99.22223654428846,19.4841834326092],[-99.22048035100876,19.483730164060848],[-99.21948302972723,19.48698783586681],[-99.22016513454975,19.489278771873554],[-99.2203052015488,19.489758500736446],[-99.22064083716883,19.489846648673872]]]},"properties":{"ID":25514,"ENTIDAD":15,"DISTRITO_F":22,"DISTRITO_L":30,"MUNICIPIO":58,"SECCION":2849,"TIPO":2,"CONTROL":0,"GEOMETRY1_":""}},
{"type":"Feature","geometry":{"type":"Polygon","coordinates":[[[-99.21721426922103,19.487455779811178],[-99.21948302972723,19.48698783586681],[-99.22048035100876,19.483730164060848],[-99.21861568922421,19.483242730783065],[-99.21816206883128,19.484606464543003],[-99.2172463981885,19.487359190334125],[-99.21721426922103,19.487455779811178]]]},"properties":{"ID":25515,"ENTIDAD":15,"DISTRITO_F":22,"DISTRITO_L":30,"MUNICIPIO":58,"SECCION":2850,"TIPO":2,"CONTROL":0,"GEOMETRY1_":""}},
{"type":"Feature","geometry":{"type":"Polygon","coordinates":[[[-99.21861568922421,19.483242730783065],[-99.22048035100876,19.483730164060848],[-99.22223654428846,19.4841834326092],[-99.22271759857884,19.481029216347444],[-99.21969583692884,19.480146560917333],[-99.21911441309406,19.481813191780187],[-99.21861568922421,19.483242730783065]]]},"properties":{"ID":25516,"ENTIDAD":15,"DISTRITO_F":22,"DISTRITO_L":30,"MUNICIPIO":58,"SECCION":2851,"TIPO":2,"CONTROL":0,"GEOMETRY1_":""}},
{"type":"Feature","geometry":{"type":"Polygon","coordinates":[[[-99.2219115363104,19.485344404183166],[-99.22358245992962,19.484515438191572],[-99.22271759857884,19.481029216347444],[-99.22223654428846,19.4841834326092],[-99.2219115363104,19.485344404183166]]]},"properties":{"ID":25517,"ENTIDAD":15,"DISTRITO_F":22,"DISTRITO_L":30,"MUNICIPIO":58,"SECCION":2852,"TIPO":2,"CONTROL":0,"GEOMETRY1_":""}},
{"type":"Feature","geometry":{"type":"Polygon","coordinates":[[[-99.23060955384089,19.483062431132193],[-99.23273416091929,19.481530084135215],[-99.2323577192983,19.48078493666593],[-99.23089957541298,19.47794983570278],[-99.23060955384089,19.483062431132193]]]},"properties":{"ID":25518,"ENTIDAD":15,"DISTRITO_F":22,"DISTRITO_L":30,"MUNICIPIO":58,"SECCION":2853,"TIPO":2,"CONTROL":0,"GEOMETRY1_":""}},
{"type":"Feature","geometry":{"type":"Polygon","coordinates":[[[-99.21354856883141,19.462882877207573],[-99.22499193939426,19.466613875266297],[-99.22437853473072,19.465453338126455],[-99.22273675524622,19.462294586851115],[-99.22156001992387,19.45994721070576],[-99.220910240284,19.45856282315335],[-99.21523013494695,19.45645943422036],[-99.21514690454009,19.45663855582839],[-99.21434803292796,19.458357798629358],[-99.2142617128298,19.458614455274905],[-99.21392820371447,19.46039337282285],[-99.21266993266742,19.462417407594064],[-99.21354856883141,19.462882877207573]]]},"properties":{"ID":25519,"ENTIDAD":15,"DISTRITO_F":22,"DISTRITO_L":30,"MUNICIPIO":58,"SECCION":2854,"TIPO":2,"CONTROL":0,"GEOMETRY1_":""}},
{"type":"Feature","geometry":{"type":"Polygon","coordinates":[[[-99.221117345227,19.474980937576525],[-99.22538492872768,19.47682916186212],[-99.22800482530928,19.480683129076898],[-99.22743020701097,19.48290051436129],[-99.22837474445996,19.48316858158061],[-99.22932918877477,19.483436631296296],[-99.23037197720625,19.483746013106824],[-99.23060955384089,19.483062431132193],[-99.23089957541298,19.47794983570278],[-99.22820378754604,19.472872581098287],[-99.2235742629412,19.470820109291868],[-99.22499193939426,19.466613875266297],[-99.21354856883141,19.462882877207573],[-99.2123713508573,19.46633136806331],[-99.2144224736079,19.467277612182244],[-99.21587527451028,19.46796883520884],[-99.21812209099184,19.469186169322118],[-99.21632721765873,19.47232546783091],[-99.2163009089831,19.472400640474273],[-99.21587999179661,19.473622187474202],[-99.21951697490498,19.474593733116077],[-99.221117345227,19.474980937576525]]]},"properties":{"ID":25520,"ENTIDAD":15,"DISTRITO_F":22,"DISTRITO_L":30,"MUNICIPIO":58,"SECCION":2855,"TIPO":2,"CONTROL":0,"GEOMETRY1_":""}},
{"type":"Feature","geometry":{"type":"Polygon","coordinates":[[[-99.21587999179661,19.473622187474202],[-99.2163009089831,19.472400640474273],[-99.21424370091711,19.471737091348782],[-99.21301828335415,19.47134628950209],[-99.2126504305319,19.47277440538126],[-99.21356816452519,19.472988214819924],[-99.21423057615668,19.473146407008414],[-99.21557289717495,19.47353016979545],[-99.21587999179661,19.473622187474202]]]},"properties":{"ID":25521,"ENTIDAD":15,"DISTRITO_F":22,"DISTRITO_L":30,"MUNICIPIO":58,"SECCION":2856,"TIPO":2,"CONTROL":0,"GEOMETRY1_":""}},
{"type":"Feature","geometry":{"type":"Polygon","coordinates":[[[-99.2126504305319,19.47277440538126],[-99.21301828335415,19.47134628950209],[-99.2133598365846,19.47000586848396],[-99.21273899511706,19.469812483344143],[-99.21119532887991,19.47074103114655],[-99.21142203117792,19.47246275413702],[-99.2126504305319,19.47277440538126]]]},"properties":{"ID":25522,"ENTIDAD":15,"DISTRITO_F":22,"DISTRITO_L":30,"MUNICIPIO":58,"SECCION":2857,"TIPO":2,"CONTROL":0,"GEOMETRY1_":""}},
{"type":"Feature","geometry":{"type":"Polygon","coordinates":[[[-99.21142203117792,19.47246275413702],[-99.21119532887991,19.47074103114655],[-99.20923371746363,19.47011399822425],[-99.20894998761166,19.470236430152326],[-99.20960583303605,19.471982707486372],[-99.21003710238496,19.47209670022293],[-99.21081646395643,19.472302696569848],[-99.21142203117792,19.47246275413702]]]},"properties":{"ID":25523,"ENTIDAD":15,"DISTRITO_F":22,"DISTRITO_L":30,"MUNICIPIO":58,"SECCION":2858,"TIPO":2,"CONTROL":0,"GEOMETRY1_":""}},
{"type":"Feature","geometry":{"type":"Polygon","coordinates":[[[-99.20960583303605,19.471982707486372],[-99.20894998761166,19.470236430152326],[-99.20868897565752,19.470055139446863],[-99.20679894248812,19.47119381792547],[-99.20702504777576,19.471257367761844],[-99.20801795752598,19.47153643374334],[-99.20960583303605,19.471982707486372]]]},"properties":{"ID":25524,"ENTIDAD":15,"DISTRITO_F":22,"DISTRITO_L":30,"MUNICIPIO":58,"SECCION":2859,"TIPO":2,"CONTROL":0,"GEOMETRY1_":""}},
{"type":"Feature","geometry":{"type":"Polygon","coordinates":[[[-99.21119532887991,19.47074103114655],[-99.21153857890978,19.46942565847506],[-99.20923371746363,19.47011399822425],[-99.21119532887991,19.47074103114655]]]},"properties":{"ID":25525,"ENTIDAD":15,"DISTRITO_F":22,"DISTRITO_L":30,"MUNICIPIO":58,"SECCION":2860,"TIPO":2,"CONTROL":0,"GEOMETRY1_":""}},
{"type":"Feature","geometry":{"type":"Polygon","coordinates":[[[-99.21119532887991,19.47074103114655],[-99.21273899511706,19.469812483344143],[-99.21153857890978,19.46942565847506],[-99.21119532887991,19.47074103114655]]]},"properties":{"ID":25526,"ENTIDAD":15,"DISTRITO_F":22,"DISTRITO_L":30,"MUNICIPIO":58,"SECCION":2861,"TIPO":2,"CONTROL":0,"GEOMETRY1_":""}},
{"type":"Feature","geometry":{"type":"Polygon","coordinates":[[[-99.21424370091711,19.471737091348782],[-99.21458998683234,19.47040516953352],[-99.2133598365846,19.47000586848396],[-99.21301828335415,19.47134628950209],[-99.21424370091711,19.471737091348782]]]},"properties":{"ID":25527,"ENTIDAD":15,"DISTRITO_F":22,"DISTRITO_L":30,"MUNICIPIO":58,"SECCION":2862,"TIPO":2,"CONTROL":0,"GEOMETRY1_":""}},
{"type":"Feature","geometry":{"type":"Polygon","coordinates":[[[-99.2163009089831,19.472400640474273],[-99.21632721765873,19.47232546783091],[-99.21672667575511,19.471107076223237],[-99.21458998683234,19.47040516953352],[-99.21424370091711,19.471737091348782],[-99.2163009089831,19.472400640474273]]]},"properties":{"ID":25528,"ENTIDAD":15,"DISTRITO_F":22,"DISTRITO_L":30,"MUNICIPIO":58,"SECCION":2863,"TIPO":2,"CONTROL":0,"GEOMETRY1_":""}},
{"type":"Feature","geometry":{"type":"Polygon","coordinates":[[[-99.21632721765873,19.47232546783091],[-99.21812209099184,19.469186169322118],[-99.21587527451028,19.46796883520884],[-99.21552925531604,19.469255019801782],[-99.21672667575511,19.471107076223237],[-99.21632721765873,19.47232546783091]]]},"properties":{"ID":25529,"ENTIDAD":15,"DISTRITO_F":22,"DISTRITO_L":30,"MUNICIPIO":58,"SECCION":2864,"TIPO":2,"CONTROL":0,"GEOMETRY1_":""}},
{"type":"Feature","geometry":{"type":"Polygon","coordinates":[[[-99.21672667575511,19.471107076223237],[-99.21552925531604,19.469255019801782],[-99.21458998683234,19.47040516953352],[-99.21672667575511,19.471107076223237]]]},"properties":{"ID":25530,"ENTIDAD":15,"DISTRITO_F":22,"DISTRITO_L":30,"MUNICIPIO":58,"SECCION":2865,"TIPO":2,"CONTROL":0,"GEOMETRY1_":""}},
{"type":"Feature","geometry":{"type":"Polygon","coordinates":[[[-99.21458998683234,19.47040516953352],[-99.21552925531604,19.469255019801782],[-99.21587527451028,19.46796883520884],[-99.2144224736079,19.467277612182244],[-99.21273899511706,19.469812483344143],[-99.2133598365846,19.47000586848396],[-99.21458998683234,19.47040516953352]]]},"properties":{"ID":25531,"ENTIDAD":15,"DISTRITO_F":22,"DISTRITO_L":30,"MUNICIPIO":58,"SECCION":2866,"TIPO":2,"CONTROL":0,"GEOMETRY1_":""}},
{"type":"Feature","geometry":{"type":"Polygon","coordinates":[[[-99.20894998761166,19.470236430152326],[-99.20923371746363,19.47011399822425],[-99.21153857890978,19.46942565847506],[-99.21273899511706,19.469812483344143],[-99.2144224736079,19.467277612182244],[-99.2123713508573,19.46633136806331],[-99.21177648910052,19.46706782262949],[-99.21080770413016,19.46837766288765],[-99.20868897565752,19.470055139446863],[-99.20894998761166,19.470236430152326]]]},"properties":{"ID":25532,"ENTIDAD":15,"DISTRITO_F":22,"DISTRITO_L":30,"MUNICIPIO":58,"SECCION":2867,"TIPO":2,"CONTROL":0,"GEOMETRY1_":""}},
{"type":"Feature","geometry":{"type":"Polygon","coordinates":[[[-99.22499193939426,19.466613875266297],[-99.2235742629412,19.470820109291868],[-99.22820378754604,19.472872581098287],[-99.22795467883986,19.472398870732096],[-99.22499193939426,19.466613875266297]]]},"properties":{"ID":25533,"ENTIDAD":15,"DISTRITO_F":22,"DISTRITO_L":30,"MUNICIPIO":58,"SECCION":2868,"TIPO":2,"CONTROL":0,"GEOMETRY1_":""}},
{"type":"Feature","geometry":{"type":"Polygon","coordinates":[[[-99.21987536845776,19.45258145531022],[-99.21630072666183,19.453268747376796],[-99.21624344507062,19.45349024444323],[-99.21523013494695,19.45645943422036],[-99.220910240284,19.45856282315335],[-99.2200760226246,19.45676670702575],[-99.21987536845776,19.45258145531022]]]},"properties":{"ID":25552,"ENTIDAD":15,"DISTRITO_F":22,"DISTRITO_L":30,"MUNICIPIO":58,"SECCION":2887,"TIPO":2,"CONTROL":0,"GEOMETRY1_":""}},
{"type":"Feature","geometry":{"type":"Polygon","coordinates":[[[-99.2691864031156,19.48622530225467],[-99.27382388479592,19.48767365763065],[-99.2743154229679,19.487602168291208],[-99.27625387973815,19.484077475481207],[-99.2691864031156,19.48622530225467]]]},"properties":{"ID":25553,"ENTIDAD":15,"DISTRITO_F":22,"DISTRITO_L":32,"MUNICIPIO":58,"SECCION":2888,"TIPO":2,"CONTROL":0,"GEOMETRY1_":""}},
{"type":"Feature","geometry":{"type":"Polygon","coordinates":[[[-99.26858244032547,19.488580312202668],[-99.27382388479592,19.48767365763065],[-99.2691864031156,19.48622530225467],[-99.26738800928098,19.485775713910442],[-99.26271185271034,19.48502944561502],[-99.26401317049167,19.487260400265328],[-99.26775732965586,19.488524352592336],[-99.26858244032547,19.488580312202668]]]},"properties":{"ID":25554,"ENTIDAD":15,"DISTRITO_F":22,"DISTRITO_L":32,"MUNICIPIO":58,"SECCION":2889,"TIPO":2,"CONTROL":0,"GEOMETRY1_":""}},
{"type":"Feature","geometry":{"type":"Polygon","coordinates":[[[-99.26775732965586,19.488524352592336],[-99.26401317049167,19.487260400265328],[-99.26271185271034,19.48502944561502],[-99.2624859097109,19.485026622107586],[-99.25855751005035,19.486259424544816],[-99.25731212601482,19.487864735983226],[-99.25823426882832,19.487934514221948],[-99.26249543752726,19.488246006958146],[-99.26626035426317,19.488445067643546],[-99.26775732965586,19.488524352592336]]]},"properties":{"ID":25555,"ENTIDAD":15,"DISTRITO_F":22,"DISTRITO_L":32,"MUNICIPIO":58,"SECCION":2890,"TIPO":2,"CONTROL":0,"GEOMETRY1_":""}},
{"type":"Feature","geometry":{"type":"Polygon","coordinates":[[[-99.26271185271034,19.48502944561502],[-99.26738800928098,19.485775713910442],[-99.26842379760133,19.485244798063096],[-99.26472121321275,19.482475708703507],[-99.26100705421685,19.48069915366401],[-99.25890530009887,19.485791162263485],[-99.2624859097109,19.485026622107586],[-99.26271185271034,19.48502944561502]]]},"properties":{"ID":25556,"ENTIDAD":15,"DISTRITO_F":22,"DISTRITO_L":32,"MUNICIPIO":58,"SECCION":2891,"TIPO":2,"CONTROL":0,"GEOMETRY1_":""}},
{"type":"Feature","geometry":{"type":"Polygon","coordinates":[[[-99.2691864031156,19.48622530225467],[-99.27625387973815,19.484077475481207],[-99.28495853732652,19.48191245616548],[-99.28530359599269,19.479196786549124],[-99.28694664136282,19.47646831315955],[-99.28707308476689,19.475607919828988],[-99.28730421311904,19.47531035700145],[-99.28655976597938,19.475011404528875],[-99.28573900222102,19.474932874000608],[-99.28496674317206,19.47451500000514],[-99.28451668348316,19.47384383247331],[-99.28351943533825,19.4731069984117],[-99.27938099785551,19.471169894454327],[-99.27933511312699,19.473897832554538],[-99.27933195375086,19.47499849015129],[-99.27935325986155,19.475654063429854],[-99.27938962930709,19.476266544418856],[-99.279590435352,19.477113908871456],[-99.27961888400716,19.477548690092323],[-99.27961143658942,19.478639604086233],[-99.27954124347566,19.47953228374455],[-99.27061548812445,19.482998517625767],[-99.26842379760133,19.485244798063096],[-99.26738800928098,19.485775713910442],[-99.2691864031156,19.48622530225467]]]},"properties":{"ID":25557,"ENTIDAD":15,"DISTRITO_F":22,"DISTRITO_L":32,"MUNICIPIO":58,"SECCION":2892,"TIPO":2,"CONTROL":0,"GEOMETRY1_":""}},
{"type":"Feature","geometry":{"type":"Polygon","coordinates":[[[-99.26842379760133,19.485244798063096],[-99.27061548812445,19.482998517625767],[-99.26770495377816,19.48047735813318],[-99.26670820160436,19.478503261039247],[-99.26472121321275,19.482475708703507],[-99.26842379760133,19.485244798063096]]]},"properties":{"ID":25558,"ENTIDAD":15,"DISTRITO_F":22,"DISTRITO_L":32,"MUNICIPIO":58,"SECCION":2893,"TIPO":2,"CONTROL":0,"GEOMETRY1_":""}},
{"type":"Feature","geometry":{"type":"Polygon","coordinates":[[[-99.26100705421685,19.48069915366401],[-99.26472121321275,19.482475708703507],[-99.26670820160436,19.478503261039247],[-99.26692660296266,19.478336344049833],[-99.26730983291334,19.478124984914757],[-99.267886641619,19.477913338850573],[-99.2682779249725,19.477797319531092],[-99.26827167290655,19.477708774840707],[-99.26813877777285,19.477552575945847],[-99.26801218173227,19.47748984051444],[-99.2677338489051,19.4776929973078],[-99.26705215364802,19.477292388163164],[-99.26415489581791,19.47831163664771],[-99.26187301695742,19.477857532630377],[-99.26100705421685,19.48069915366401]]]},"properties":{"ID":25559,"ENTIDAD":15,"DISTRITO_F":22,"DISTRITO_L":32,"MUNICIPIO":58,"SECCION":2894,"TIPO":2,"CONTROL":0,"GEOMETRY1_":""}},
{"type":"Feature","geometry":{"type":"Polygon","coordinates":[[[-99.27805128038366,19.46953223565244],[-99.27797082270652,19.46952400214537],[-99.27790385371702,19.469584580828222],[-99.27774153639149,19.469658655943824],[-99.27733470391695,19.46963635247269],[-99.27719420094509,19.469507544723264],[-99.27713861563296,19.46931812764221],[-99.27701933187234,19.46954830242661],[-99.27549796864976,19.470703251659764],[-99.27295870582877,19.47092614149169],[-99.27260820756239,19.471147327844136],[-99.2722006931503,19.47142972471423],[-99.27048487650652,19.47199116843815],[-99.26958601872778,19.47198227172225],[-99.26928057522797,19.472006649073023],[-99.26932144419992,19.472433170352822],[-99.26934618434947,19.472791940347687],[-99.26933438186316,19.47295609289458],[-99.26929039543232,19.473127927453913],[-99.26870170556775,19.474359230368485],[-99.26847548607982,19.476304311753797],[-99.26851509224623,19.476409650127852],[-99.26863732211434,19.476620263068973],[-99.26904287388444,19.47690525334053],[-99.26967408342729,19.477077710087805],[-99.26972078137098,19.477135438956815],[-99.26973520494863,19.477186416055485],[-99.2697424476912,19.477230604034176],[-99.2697174722913,19.4773020392152],[-99.26947389728129,19.47741799841676],[-99.26879313874771,19.47763320366022],[-99.26851010729344,19.477735620488037],[-99.26827792497188,19.477797319151716],[-99.26788664161838,19.477913338471197],[-99.26730983291272,19.47812498453543],[-99.26692660296203,19.478336343670506],[-99.26670820160373,19.478503260659934],[-99.2667431878687,19.4785666233783],[-99.26770495377754,19.480477357754133],[-99.27061548812382,19.482998517246997],[-99.27954124347501,19.479532283365366],[-99.27954973260215,19.47874402371257],[-99.27961143658877,19.478639603706945],[-99.27961888400652,19.477548689712833],[-99.27959043535137,19.477113908491926],[-99.27938962930644,19.476266544039238],[-99.2793532598609,19.475654063050133],[-99.2793319537502,19.474998489771544],[-99.27933511312634,19.4738978321746],[-99.27938099785486,19.471169894074073],[-99.27805128038366,19.46953223565244]]]},"properties":{"ID":25560,"ENTIDAD":15,"DISTRITO_F":22,"DISTRITO_L":32,"MUNICIPIO":58,"SECCION":2895,"TIPO":2,"CONTROL":0,"GEOMETRY1_":""}},
{"type":"Feature","geometry":{"type":"Polygon","coordinates":[[[-99.26187301695742,19.477857532630377],[-99.26415489581791,19.47831163664771],[-99.26705215364802,19.477292388163164],[-99.2677338489051,19.4776929973078],[-99.26801218173227,19.47748984051444],[-99.26813877777285,19.477552575945847],[-99.26827167290655,19.477708774840707],[-99.2682779249725,19.477797319531092],[-99.26851010729406,19.4777356208674],[-99.26879313874834,19.477633204039684],[-99.26947389728191,19.477417998796277],[-99.26971747229192,19.477302039594715],[-99.26974244769181,19.47723060441368],[-99.26973520494926,19.477186416434964],[-99.26972078137159,19.477135439336283],[-99.26967408342792,19.47707771046731],[-99.26904287388507,19.476905253720073],[-99.26863732211496,19.476620263448527],[-99.26851509224684,19.476409650507435],[-99.26847548608043,19.476304312133365],[-99.26855758855646,19.47609339632576],[-99.26863962357643,19.47584168171237],[-99.26874979823735,19.47526353438276],[-99.26870170556838,19.47435923074841],[-99.26929039543295,19.47312792783399],[-99.26933438186377,19.472956093274632],[-99.2693461843501,19.472791940727763],[-99.26932144420053,19.472433170732913],[-99.26928057522859,19.472006649453252],[-99.26771778102301,19.47212467964503],[-99.26537761231063,19.471050473927228],[-99.25748048271498,19.47024932918987],[-99.26208457284869,19.474545717531385],[-99.26202319588577,19.477322181862583],[-99.26187301695742,19.477857532630377]]]},"properties":{"ID":25561,"ENTIDAD":15,"DISTRITO_F":22,"DISTRITO_L":32,"MUNICIPIO":58,"SECCION":2896,"TIPO":2,"CONTROL":0,"GEOMETRY1_":""}},
{"type":"Feature","geometry":{"type":"Polygon","coordinates":[[[-99.26537761231063,19.471050473927228],[-99.26771778102301,19.47212467964503],[-99.26928057522859,19.472006649453252],[-99.2695860187284,19.471982272102444],[-99.27048487650714,19.47199116881834],[-99.27220069315094,19.471429725094485],[-99.27260820756302,19.471147328224454],[-99.27279344306714,19.470586034221597],[-99.27239211296758,19.47052923021536],[-99.27161789841483,19.471047355427206],[-99.27100855523769,19.470918541994266],[-99.27085667800834,19.46713462008855],[-99.26911744430782,19.467936846518626],[-99.2666743224434,19.46611068327599],[-99.26530028482256,19.46617651410813],[-99.26220140747492,19.4665145217134],[-99.25825925945256,19.467123205518813],[-99.25827720142559,19.467293539001673],[-99.26290437431511,19.468494740348792],[-99.26537761231063,19.471050473927228]]]},"properties":{"ID":25562,"ENTIDAD":15,"DISTRITO_F":22,"DISTRITO_L":32,"MUNICIPIO":58,"SECCION":2897,"TIPO":2,"CONTROL":0,"GEOMETRY1_":""}},
{"type":"Feature","geometry":{"type":"Polygon","coordinates":[[[-99.27260820756302,19.471147328224454],[-99.27295870582941,19.470926141872045],[-99.27439611898909,19.471065425480976],[-99.27549796865041,19.47070325204016],[-99.27701933187298,19.469548302807105],[-99.2771386156336,19.46931812802277],[-99.27725210919188,19.469268888502967],[-99.27739830489504,19.469038539971418],[-99.27666640381769,19.468378252338944],[-99.27604550187307,19.46874934460175],[-99.27525985600306,19.46787011653421],[-99.27085667800834,19.46713462008855],[-99.27100855523769,19.470918541994266],[-99.27161789841483,19.471047355427206],[-99.27239211296758,19.47052923021536],[-99.27279344306714,19.470586034221597],[-99.27260820756302,19.471147328224454]]]},"properties":{"ID":25563,"ENTIDAD":15,"DISTRITO_F":22,"DISTRITO_L":32,"MUNICIPIO":58,"SECCION":2898,"TIPO":2,"CONTROL":0,"GEOMETRY1_":""}},
{"type":"Feature","geometry":{"type":"Polygon","coordinates":[[[-99.27085667800834,19.46713462008855],[-99.27525985600306,19.46787011653421],[-99.27364266569109,19.465825713808837],[-99.2703524401154,19.465634423298468],[-99.26911744430782,19.467936846518626],[-99.27085667800834,19.46713462008855]]]},"properties":{"ID":25564,"ENTIDAD":15,"DISTRITO_F":22,"DISTRITO_L":32,"MUNICIPIO":58,"SECCION":2899,"TIPO":2,"CONTROL":0,"GEOMETRY1_":""}},
{"type":"Feature","geometry":{"type":"Polygon","coordinates":[[[-99.2666743224434,19.46611068327599],[-99.26911744430782,19.467936846518626],[-99.2703524401154,19.465634423298468],[-99.27257509753471,19.46320725261984],[-99.26991603439771,19.463536607728734],[-99.26891251565077,19.464947163987688],[-99.2666743224434,19.46611068327599]]]},"properties":{"ID":25573,"ENTIDAD":15,"DISTRITO_F":22,"DISTRITO_L":32,"MUNICIPIO":58,"SECCION":2908,"TIPO":2,"CONTROL":0,"GEOMETRY1_":""}},
{"type":"Feature","geometry":{"type":"Polygon","coordinates":[[[-99.27364266569109,19.465825713808837],[-99.27450687593736,19.46460701251623],[-99.27546567651363,19.463861660059685],[-99.27498261912004,19.46360505630638],[-99.27257509753471,19.46320725261984],[-99.2703524401154,19.465634423298468],[-99.27364266569109,19.465825713808837]]]},"properties":{"ID":25574,"ENTIDAD":15,"DISTRITO_F":22,"DISTRITO_L":32,"MUNICIPIO":58,"SECCION":2909,"TIPO":2,"CONTROL":0,"GEOMETRY1_":""}},
{"type":"Feature","geometry":{"type":"Polygon","coordinates":[[[-99.2771386156336,19.46931812802277],[-99.27719420094573,19.469507545103838],[-99.2773347039176,19.469636352853176],[-99.27774153639213,19.469658656324373],[-99.27790385371766,19.469584581208743],[-99.27797082270716,19.469524002525905],[-99.27794761342454,19.469446491023938],[-99.27791694198866,19.46932135433211],[-99.27794039628093,19.469183295280992],[-99.27840229528114,19.469003826363547],[-99.27855479477407,19.468944572981375],[-99.28039432449705,19.46793819444914],[-99.28034733423368,19.46639605467204],[-99.27450687593736,19.46460701251623],[-99.27364266569109,19.465825713808837],[-99.27525985600306,19.46787011653421],[-99.27604550187307,19.46874934460175],[-99.27666640381769,19.468378252338944],[-99.27739830489504,19.469038539971418],[-99.27725210919188,19.469268888502967],[-99.2771386156336,19.46931812802277]]]},"properties":{"ID":25575,"ENTIDAD":15,"DISTRITO_F":22,"DISTRITO_L":32,"MUNICIPIO":58,"SECCION":2910,"TIPO":2,"CONTROL":0,"GEOMETRY1_":""}},
{"type":"Feature","geometry":{"type":"Polygon","coordinates":[[[-99.27450687593736,19.46460701251623],[-99.28034733423368,19.46639605467204],[-99.28045877186571,19.466332021473704],[-99.2810743085293,19.46615922107116],[-99.28136120612822,19.46587433959284],[-99.28188114936205,19.464686810239755],[-99.28161119579102,19.46455906427449],[-99.28165669641336,19.464451784046858],[-99.28127892122086,19.464459744611585],[-99.28102076330867,19.46434960779968],[-99.28095477504537,19.464298711467254],[-99.27684769611203,19.46289090559538],[-99.27546567651363,19.463861660059685],[-99.27450687593736,19.46460701251623]]]},"properties":{"ID":25576,"ENTIDAD":15,"DISTRITO_F":22,"DISTRITO_L":32,"MUNICIPIO":58,"SECCION":2911,"TIPO":2,"CONTROL":0,"GEOMETRY1_":""}},
{"type":"Feature","geometry":{"type":"Polygon","coordinates":[[[-99.27684769611203,19.46289090559538],[-99.28095477504537,19.464298711467254],[-99.28126873586461,19.463886453436753],[-99.2813984376181,19.463611589946254],[-99.28124096779261,19.463534317480324],[-99.28163162990052,19.462921112570488],[-99.28178970706529,19.462664374194137],[-99.28171293274016,19.46208653588231],[-99.28145886782413,19.462147901864043],[-99.28176140719282,19.46156346298647],[-99.28199604585798,19.461617739720882],[-99.28215860723235,19.461070755099193],[-99.2821799517875,19.460974735112067],[-99.28182838635661,19.460889077017274],[-99.28197116530282,19.46056719888156],[-99.28158430984922,19.460604011834494],[-99.28072603684446,19.46048468132661],[-99.28031725272653,19.461933253938113],[-99.2782858572552,19.460708370781113],[-99.27684769611203,19.46289090559538]]]},"properties":{"ID":25577,"ENTIDAD":15,"DISTRITO_F":22,"DISTRITO_L":32,"MUNICIPIO":58,"SECCION":2912,"TIPO":2,"CONTROL":0,"GEOMETRY1_":""}},
{"type":"Feature","geometry":{"type":"Polygon","coordinates":[[[-99.2782858572552,19.460708370781113],[-99.28031725272653,19.461933253938113],[-99.28072603684446,19.46048468132661],[-99.28158430984922,19.460604011834494],[-99.28197116530282,19.46056719888156],[-99.28170190902026,19.459959615281],[-99.28148540780643,19.45944715167181],[-99.28119153545438,19.45867153711014],[-99.28027942962439,19.457211855305058],[-99.27923654385877,19.457909272730706],[-99.27841976077339,19.457591916567427],[-99.27807556199393,19.459283855991472],[-99.2782858572552,19.460708370781113]]]},"properties":{"ID":25589,"ENTIDAD":15,"DISTRITO_F":22,"DISTRITO_L":32,"MUNICIPIO":58,"SECCION":2924,"TIPO":2,"CONTROL":0,"GEOMETRY1_":""}},
{"type":"Feature","geometry":{"type":"Polygon","coordinates":[[[-99.28215860723168,19.461070754717593],[-99.28199604585733,19.461617739339253],[-99.28176140719215,19.461563462604868],[-99.28145886782346,19.462147901482528],[-99.2817129327395,19.462086535500784],[-99.28178970706463,19.462664373812675],[-99.28163162989985,19.462921112189076],[-99.28124096779194,19.46353431709904],[-99.28095477504472,19.464298711086045],[-99.28102076330802,19.46434960741851],[-99.2812789212202,19.464459744230442],[-99.28165669641271,19.464451783665663],[-99.2818811493614,19.4646868098586],[-99.28156358352855,19.465367022425646],[-99.28138389427863,19.46557462993793],[-99.28136120612757,19.465874339211812],[-99.28107430852864,19.46615922069015],[-99.28045877186506,19.466332021092775],[-99.28034733423303,19.4663960542911],[-99.28070528431518,19.46779828735554],[-99.2818139032204,19.46753492293097],[-99.28186902196002,19.46754354802825],[-99.28998767426123,19.466265497363374],[-99.29258485830273,19.46650958154484],[-99.29274125402017,19.46665959029728],[-99.29285393656158,19.466759582452543],[-99.29295053176706,19.466850889738314],[-99.29320382123234,19.467257709969143],[-99.2945308900346,19.467251203037087],[-99.2948637103857,19.466448193834108],[-99.2951330624481,19.464924285277732],[-99.29518522475311,19.464685861006874],[-99.29525544567117,19.464335339311855],[-99.29532481696141,19.463919171713005],[-99.2952604032101,19.46384583485633],[-99.29523548719075,19.463801533228494],[-99.29525290792763,19.463740534321612],[-99.29535141281157,19.46368096223403],[-99.29557330264299,19.46358637340448],[-99.29568130049209,19.463525226755525],[-99.29570163315664,19.46305596295763],[-99.29608314547214,19.462271384424774],[-99.29600614101791,19.461775256527414],[-99.29602024817422,19.461613199604923],[-99.2958432495707,19.461667621927393],[-99.2934271699487,19.46177015030566],[-99.29149664658007,19.46031528753018],[-99.28968283989626,19.46126383241039],[-99.28954892467688,19.460512929032237],[-99.28512039745392,19.45976456952887],[-99.28468716444863,19.45874354226862],[-99.28460869284756,19.458535512045177],[-99.28425552031752,19.458663455410374],[-99.28390262001581,19.458757130857773],[-99.28442222006197,19.459772589611212],[-99.28296544991612,19.460920955252867],[-99.28283099469617,19.461341330945935],[-99.28247181632183,19.461264035009506],[-99.28248922465436,19.461129421969073],[-99.28215860723168,19.461070754717593]]]},"properties":{"ID":25590,"ENTIDAD":15,"DISTRITO_F":22,"DISTRITO_L":32,"MUNICIPIO":58,"SECCION":2925,"TIPO":2,"CONTROL":0,"GEOMETRY1_":""}},
{"type":"Feature","geometry":{"type":"Polygon","coordinates":[[[-99.28215860723168,19.461070754717593],[-99.28248922465436,19.461129421969073],[-99.28247181632183,19.461264035009506],[-99.28283099469617,19.461341330945935],[-99.28296544991612,19.460920955252867],[-99.28442222006197,19.459772589611212],[-99.28390262001581,19.458757130857773],[-99.28425552031752,19.458663455410374],[-99.28460869284756,19.458535512045177],[-99.28431399718917,19.457837159772705],[-99.28375820072215,19.456445797078707],[-99.28361808130607,19.45609221041447],[-99.28327891367356,19.45621234172221],[-99.28293590702837,19.456333831964077],[-99.28222923875519,19.456584125670243],[-99.2813537542511,19.45687927631131],[-99.28027942962373,19.457211854922882],[-99.28119153545371,19.45867153672813],[-99.28197116530215,19.460567198499845],[-99.28182838635594,19.46088907663558],[-99.28217995178684,19.460974734730428],[-99.28215860723168,19.461070754717593]]]},"properties":{"ID":25591,"ENTIDAD":15,"DISTRITO_F":22,"DISTRITO_L":32,"MUNICIPIO":58,"SECCION":2926,"TIPO":2,"CONTROL":0,"GEOMETRY1_":""}},
{"type":"Feature","geometry":{"type":"Polygon","coordinates":[[[-99.33748147551302,19.432356794373405],[-99.3372419675406,19.43486102377607],[-99.33676537157557,19.439700488440195],[-99.32809524866792,19.438823434308485],[-99.32579237224174,19.439725993150763],[-99.32559731676437,19.44241587642055],[-99.32537415443451,19.444439538172137],[-99.32504332584138,19.447996436747435],[-99.32541401645312,19.447667649208128],[-99.32590279351935,19.446785106034866],[-99.327218337903,19.446207206195908],[-99.32868987800286,19.44416749885797],[-99.33715195347374,19.444958303032372],[-99.33786273480007,19.44362400599965],[-99.33927150554928,19.443638554339888],[-99.33983922650098,19.442940054312317],[-99.34001840850671,19.44301814794836],[-99.34009331409801,19.44294031217125],[-99.34000228686261,19.44282307712002],[-99.33991848449323,19.442610632329234],[-99.34004016305813,19.44227192337451],[-99.3433236712219,19.442120146579448],[-99.34449269338909,19.439097218991268],[-99.34021967820115,19.43119955508377],[-99.33748147551302,19.432356794373405]]]},"properties":{"ID":25665,"ENTIDAD":15,"DISTRITO_F":22,"DISTRITO_L":32,"MUNICIPIO":58,"SECCION":3000,"TIPO":2,"CONTROL":0,"GEOMETRY1_":""}},
{"type":"Feature","geometry":{"type":"Polygon","coordinates":[[[-99.34009331409801,19.44294031217125],[-99.34130787251829,19.444380137660122],[-99.34216892089003,19.444431666291386],[-99.3435874116103,19.445087313499247],[-99.34383201486558,19.445068920013394],[-99.34401787686545,19.44507245674366],[-99.34413673584828,19.445056675111616],[-99.3441210192892,19.445013113483668],[-99.34404356582625,19.444941476511307],[-99.34378097400271,19.444842155182428],[-99.3426394297885,19.44332369374299],[-99.3472329691343,19.440978603030036],[-99.34657355731183,19.43421064328635],[-99.35097542794448,19.433308951216492],[-99.35045489190989,19.432209472643624],[-99.3476427633498,19.430470115489403],[-99.3430608253389,19.430676935973352],[-99.34021967820115,19.43119955508377],[-99.34449269338909,19.439097218991268],[-99.3433236712219,19.442120146579448],[-99.34004016305813,19.44227192337451],[-99.33991848449323,19.442610632329234],[-99.34000228686261,19.44282307712002],[-99.34009331409801,19.44294031217125]]]},"properties":{"ID":25666,"ENTIDAD":15,"DISTRITO_F":22,"DISTRITO_L":32,"MUNICIPIO":58,"SECCION":3001,"TIPO":2,"CONTROL":0,"GEOMETRY1_":""}},
{"type":"Feature","geometry":{"type":"Polygon","coordinates":[[[-99.35703707299005,19.452088130534836],[-99.35681025898661,19.442075879618272],[-99.35576095698606,19.442171663884732],[-99.35359292242188,19.442138040952205],[-99.35302980487147,19.442334498472807],[-99.35009349142855,19.444352861103496],[-99.34765552722445,19.445022382450922],[-99.34570757380204,19.444897378307857],[-99.34494501688528,19.445159311225982],[-99.34438286442159,19.445066484647025],[-99.34413673584747,19.445056674727837],[-99.34401787686464,19.445072456359895],[-99.34383201486477,19.445068919629588],[-99.3435874116095,19.44508731311548],[-99.34216892088924,19.44443166590756],[-99.34130787251749,19.44438013727623],[-99.3400933140972,19.442940311787215],[-99.34001840850591,19.443018147564352],[-99.33983922650019,19.442940053928236],[-99.33927150554848,19.44363855395593],[-99.33786273479929,19.443624005615693],[-99.33715195347295,19.444958302648605],[-99.3286898780021,19.444167498474062],[-99.32721833790224,19.446207205812332],[-99.32590279351858,19.446785105651305],[-99.32541401645236,19.447667648824705],[-99.32504332584061,19.447996436364036],[-99.32924173118559,19.446765467569115],[-99.33243535412468,19.447655776032978],[-99.335464859255,19.44897764995612],[-99.3361335856792,19.451006038858257],[-99.33578272297133,19.453054818783016],[-99.33582880880856,19.454534694252953],[-99.33607541467168,19.454979076166936],[-99.33863698659563,19.456110740760586],[-99.34052634354657,19.459018409796247],[-99.34259434163377,19.462200858122184],[-99.34543111184183,19.457804547205583],[-99.34637245070665,19.457516075002427],[-99.34979869501701,19.454403651890996],[-99.35037243475509,19.45426127878464],[-99.35331290597338,19.452313814781963],[-99.3535916477769,19.45245774104603],[-99.35479790395279,19.45272753106637],[-99.35647690734801,19.452076273036816],[-99.35703707299005,19.452088130534836]]]},"properties":{"ID":25667,"ENTIDAD":15,"DISTRITO_F":22,"DISTRITO_L":32,"MUNICIPIO":58,"SECCION":3002,"TIPO":4,"CONTROL":0,"GEOMETRY1_":""}},
{"type":"Feature","geometry":{"type":"Polygon","coordinates":[[[-99.34413673584828,19.445056675111616],[-99.34494501688609,19.445159311609746],[-99.34570757380287,19.444897378691675],[-99.34765552722526,19.4450223828347],[-99.35009349142938,19.444352861487378],[-99.35302980487147,19.442334498472807],[-99.35359292242188,19.442138040952205],[-99.3557609569869,19.442171664268905],[-99.35681025898829,19.442075880386568],[-99.35682933462304,19.441427876351543],[-99.3567480553347,19.440176664028964],[-99.35348991249644,19.440176772451387],[-99.35097542794448,19.433308951216492],[-99.34657355731183,19.43421064328635],[-99.3472329691343,19.440978603030036],[-99.3426394297885,19.44332369374299],[-99.34378097400271,19.444842155182428],[-99.34404356582625,19.444941476511307],[-99.3441210192892,19.445013113483668],[-99.34413673584828,19.445056675111616]]]},"properties":{"ID":25668,"ENTIDAD":15,"DISTRITO_F":22,"DISTRITO_L":32,"MUNICIPIO":58,"SECCION":3003,"TIPO":2,"CONTROL":0,"GEOMETRY1_":""}},
{"type":"Feature","geometry":{"type":"Polygon","coordinates":[[[-99.29330090338529,19.43642999900869],[-99.29575971328529,19.440165751808465],[-99.29197016333642,19.44438314825909],[-99.29272555758386,19.443722193538875],[-99.29298810343344,19.443554872157424],[-99.2931047384716,19.44358283518748],[-99.29323713646754,19.4434858274277],[-99.29329160799186,19.44344612494029],[-99.2933205439815,19.443425034442626],[-99.29337192507565,19.44335872674637],[-99.29343898605416,19.44328636757542],[-99.29350101825536,19.443288633678446],[-99.29356158427258,19.443311315205985],[-99.29360847637419,19.443346150928285],[-99.29385360194155,19.443283037478235],[-99.2940056509065,19.443192682252707],[-99.2940445385616,19.443179591441968],[-99.29407203260335,19.44319474597841],[-99.29408927162174,19.443234887072936],[-99.29411453349826,19.443281529058474],[-99.29413635227418,19.4433227483738],[-99.29418756624264,19.443378596927836],[-99.29429619730028,19.443434207867217],[-99.29436003160984,19.443463658247143],[-99.294458127254,19.44349059128908],[-99.29465089286944,19.443704377337383],[-99.29567409764519,19.44310529046057],[-99.29570726292204,19.44309220861982],[-99.29577019159375,19.443083420857143],[-99.29592928303268,19.44309076100435],[-99.29613767416849,19.443146874782098],[-99.29715190444436,19.443284179745902],[-99.29863776983721,19.442861594007724],[-99.30072798284579,19.444351994853168],[-99.3010307427003,19.444690215238765],[-99.3013427716797,19.445089216030176],[-99.30155386513024,19.445366791383893],[-99.30297433203299,19.446085295531926],[-99.30448816700907,19.447767687358525],[-99.31147654579594,19.44906728540649],[-99.31608517727373,19.45072686739027],[-99.31867494014622,19.45001883685917],[-99.31901403165318,19.450183259129048],[-99.32504332584061,19.447996436364036],[-99.32579237224097,19.439725992766245],[-99.32809524866714,19.43882343392389],[-99.33676537157477,19.43970048805568],[-99.33724196753981,19.434861023390994],[-99.33748147551222,19.432356793987935],[-99.33696578546386,19.432696909323955],[-99.33612017575533,19.43331480174084],[-99.33501953736703,19.4340322133161],[-99.3335558901299,19.436219171680385],[-99.32873163290286,19.436401370612703],[-99.32503947258006,19.434109626110192],[-99.32029609673485,19.433247105381103],[-99.32000350844648,19.433238050504134],[-99.31947236881446,19.432478098749165],[-99.31909330017241,19.43209592905483],[-99.31877025230739,19.43198643113602],[-99.31860393156565,19.432058504949207],[-99.31847297652538,19.432159229303767],[-99.31842270170822,19.432245455695917],[-99.31833707961627,19.432312602241332],[-99.31706167676393,19.432726383536373],[-99.31557879773939,19.435413608080406],[-99.30975106768494,19.434643617452874],[-99.3053767821538,19.43150698242394],[-99.30180130573778,19.432001078849385],[-99.30147606832121,19.433432472176644],[-99.29877656188374,19.433001458460645],[-99.29819791676597,19.43379679663139],[-99.29784502306113,19.433912227101818],[-99.29744131081844,19.433821965305313],[-99.29718398029074,19.433784103092325],[-99.29683092066219,19.433808608088654],[-99.29611706107623,19.43376191940196],[-99.29536916776999,19.434421139020074],[-99.2951880208076,19.434670277745848],[-99.29473630801968,19.435934373801537],[-99.29459012405651,19.435992036668033],[-99.29448699426115,19.436147731535115],[-99.29428541638835,19.43625812410696],[-99.29416189734343,19.436296608033825],[-99.29420536524525,19.436624341708523],[-99.29423334229773,19.436753503819478],[-99.29414522001453,19.43683978496608],[-99.29402408919007,19.436804090276784],[-99.29380944290264,19.43666087402505],[-99.29349402045042,19.436580031507212],[-99.29330090338529,19.43642999900869]]]},"properties":{"ID":25698,"ENTIDAD":15,"DISTRITO_F":22,"DISTRITO_L":32,"MUNICIPIO":58,"SECCION":3033,"TIPO":4,"CONTROL":0,"GEOMETRY1_":""}},
{"type":"Feature","geometry":{"type":"Polygon","coordinates":[[[-99.36744315197582,19.457062987948344],[-99.37504886986204,19.452825846543544],[-99.37777905380796,19.44593670699803],[-99.37964586132185,19.444553755738646],[-99.38577045712758,19.443550844278334],[-99.39359597185688,19.44624240113326],[-99.37759009635376,19.42350717495636],[-99.37284779957942,19.423728591575024],[-99.37121267040746,19.423963062689644],[-99.36919422524493,19.42397818328859],[-99.36572301816241,19.427969299413686],[-99.36311457378886,19.42874493936037],[-99.3614938040982,19.430255965394885],[-99.35230693886699,19.433585540859585],[-99.35045489190989,19.432209472643624],[-99.35097542794448,19.433308951216492],[-99.35348991249644,19.440176772451387],[-99.3567480553347,19.440176664028964],[-99.35682933462304,19.441427876351543],[-99.35681025898829,19.442075880386568],[-99.35703707299089,19.45208813091766],[-99.36744315197582,19.457062987948344]]]},"properties":{"ID":25699,"ENTIDAD":15,"DISTRITO_F":22,"DISTRITO_L":32,"MUNICIPIO":58,"SECCION":3034,"TIPO":4,"CONTROL":0,"GEOMETRY1_":""}},
{"type":"Feature","geometry":{"type":"Polygon","coordinates":[[[-99.27840229528114,19.469003826363547],[-99.27805128038366,19.46953223565244],[-99.27938099785486,19.471169894074073],[-99.28351943533758,19.473106998031625],[-99.28451668348251,19.473843832093372],[-99.28496674317141,19.474514999625306],[-99.28655976597871,19.475011404149065],[-99.28730421299927,19.4753103565886],[-99.28741071699928,19.47553501658864],[-99.28946490499928,19.476166830588728],[-99.29200213399926,19.47666603358879],[-99.29356324599927,19.477094888588834],[-99.29380343899926,19.477172386588823],[-99.29401209999926,19.477279892588857],[-99.29406905699928,19.477336717588894],[-99.29411660899926,19.47743250258887],[-99.29413736699927,19.477489568588883],[-99.29572527299928,19.47761712358885],[-99.30260257487767,19.47490678040644],[-99.30540480716516,19.473236746505606],[-99.30669607099922,19.47302400658835],[-99.30958349999922,19.473746483588428],[-99.31279541399921,19.475272306588607],[-99.31338066699922,19.475252153588592],[-99.31334679499922,19.475180255588583],[-99.31005821099922,19.46603620458747],[-99.30792904199922,19.45651720158631],[-99.29754908499925,19.457023992586393],[-99.29346591299927,19.45554679258618],[-99.29339623299926,19.457652916586447],[-99.29149664658007,19.46031528753018],[-99.2934271699487,19.46177015030566],[-99.29584324999925,19.461667621586894],[-99.29602024799925,19.46161319958693],[-99.29600614099925,19.461775256586943],[-99.29608314499924,19.462271384586955],[-99.29570163299924,19.46305596258709],[-99.29568129999925,19.463525226587173],[-99.29557330299926,19.463586373587194],[-99.29535141299925,19.463680962587183],[-99.29525290799926,19.46374053458714],[-99.29523548699925,19.463801533587183],[-99.29526040299925,19.46384583458718],[-99.29532481699925,19.463919171587197],[-99.29525544599925,19.464335339587254],[-99.29518522499924,19.4646858605873],[-99.29513306199925,19.464924285587337],[-99.29486370999925,19.466448193587514],[-99.29453088999927,19.467251202587626],[-99.29320382099927,19.467257709587606],[-99.29295053199928,19.466850889587505],[-99.29285393699926,19.466759582587578],[-99.29274125399927,19.46665959058751],[-99.29258485799926,19.466509581587513],[-99.28998767399926,19.466265497587486],[-99.28186902196002,19.46754354802825],[-99.2818139032204,19.46753492293097],[-99.28039432449705,19.46793819444914],[-99.27855479477407,19.468944572981375],[-99.27840229528114,19.469003826363547]]]},"properties":{"ID":29043,"ENTIDAD":15,"DISTRITO_F":22,"DISTRITO_L":32,"MUNICIPIO":58,"SECCION":6765,"TIPO":3,"CONTROL":0,"GEOMETRY1_":""}},
{"type":"Feature","geometry":{"type":"Polygon","coordinates":[[[-99.31348115948485,19.475199940541707],[-99.32491173949462,19.47114000548582],[-99.3288029870236,19.471225636319154],[-99.334692691654,19.46475008617114],[-99.33483204399668,19.462263963706164],[-99.33543973399915,19.458306464586514],[-99.33808283099914,19.457560232586452],[-99.33863698699915,19.456110740586254],[-99.33607541499914,19.454979076586095],[-99.33582880899915,19.45453469458606],[-99.33578272299914,19.453054818585912],[-99.33613358599915,19.451006038585618],[-99.33546485899915,19.44897764958533],[-99.33243535399916,19.447655775585208],[-99.32924173099916,19.44676546758513],[-99.32504332599918,19.447996436585264],[-99.32298964299919,19.44893325358535],[-99.32106569399919,19.45055310158554],[-99.31901403165318,19.450183259129048],[-99.31867494014622,19.45001883685917],[-99.3160851769992,19.45072686758558],[-99.31147654599921,19.44906728558536],[-99.30831696499924,19.453964630586007],[-99.30555871499922,19.453323179585908],[-99.30792904199922,19.45651720158631],[-99.31005821099922,19.46603620458747],[-99.31334679499922,19.475180255588583],[-99.31348115948485,19.475199940541707]]]},"properties":{"ID":29044,"ENTIDAD":15,"DISTRITO_F":22,"DISTRITO_L":32,"MUNICIPIO":58,"SECCION":6766,"TIPO":4,"CONTROL":0,"GEOMETRY1_":""}},
{"type":"Feature","geometry":{"type":"Polygon","coordinates":[[[-99.29339623299926,19.457652916586447],[-99.28831965899927,19.458167703586522],[-99.28779861899928,19.46014932858673],[-99.28954892467688,19.460512929032237],[-99.28968283989626,19.46126383241039],[-99.29149664658007,19.46031528753018],[-99.29339623299926,19.457652916586447]]]},"properties":{"ID":29045,"ENTIDAD":15,"DISTRITO_F":22,"DISTRITO_L":32,"MUNICIPIO":58,"SECCION":6767,"TIPO":2,"CONTROL":0,"GEOMETRY1_":""}},
{"type":"Feature","geometry":{"type":"Polygon","coordinates":[[[-99.28358056499928,19.45600276558622],[-99.28361808099929,19.45609221058626],[-99.28375820072215,19.456445797078707],[-99.28431399718917,19.457837159772705],[-99.28460869299927,19.458535511586554],[-99.28468716444863,19.45874354226862],[-99.28779861899928,19.46014932858673],[-99.28831965899927,19.458167703586522],[-99.28634090599928,19.45490645158609],[-99.28446341499928,19.45569157358616],[-99.28358056499928,19.45600276558622]]]},"properties":{"ID":29046,"ENTIDAD":15,"DISTRITO_F":22,"DISTRITO_L":32,"MUNICIPIO":58,"SECCION":6768,"TIPO":2,"CONTROL":0,"GEOMETRY1_":""}},
{"type":"Feature","geometry":{"type":"Polygon","coordinates":[[[-99.29346591299927,19.45554679258618],[-99.28502908799928,19.452546211585844],[-99.28527820599928,19.451352987585665],[-99.28600913299927,19.450768450585578],[-99.28610387099927,19.450517975585527],[-99.28605423006441,19.45061758930744],[-99.28513099399927,19.450585864585555],[-99.28488037899928,19.450312787585524],[-99.28462648399928,19.4503526525855],[-99.28443136599928,19.45023384858553],[-99.28124529632471,19.45398294954183],[-99.28103823308905,19.45400142704854],[-99.28142068499929,19.45468287558607],[-99.28204497299929,19.45504240158608],[-99.28253219299928,19.455030550586116],[-99.2832361099993,19.4550927745861],[-99.2832760439993,19.455223994586117],[-99.2833308439993,19.455437648586162],[-99.28334390999929,19.45548859358618],[-99.2834895089993,19.455793464586236],[-99.28358056499928,19.45600276558622],[-99.28446341499928,19.45569157358616],[-99.28634090599928,19.45490645158609],[-99.28831965899927,19.458167703586522],[-99.29339623299926,19.457652916586447],[-99.29346591299927,19.45554679258618]]]},"properties":{"ID":29047,"ENTIDAD":15,"DISTRITO_F":22,"DISTRITO_L":32,"MUNICIPIO":58,"SECCION":6769,"TIPO":2,"CONTROL":0,"GEOMETRY1_":""}},
{"type":"Feature","geometry":{"type":"Polygon","coordinates":[[[-99.30792904199922,19.45651720158631],[-99.30555871499922,19.453323179585908],[-99.30426587399923,19.451761251585733],[-99.30072706299924,19.45362286958592],[-99.29694112699926,19.45153973158567],[-99.28799272499928,19.449973072585493],[-99.28759453399927,19.450161715585516],[-99.28753305799927,19.450160807585487],[-99.28747577899928,19.450135762585475],[-99.28740991099927,19.450048396585473],[-99.28721214599928,19.449694806585434],[-99.28705298999928,19.44959753458544],[-99.28694699999927,19.44959770158545],[-99.28688666699928,19.449644045585444],[-99.28688142299927,19.449716651585412],[-99.28687996099927,19.449949110585468],[-99.28674216699928,19.450046437585474],[-99.28626932199927,19.449973789585478],[-99.28620894299928,19.449993992585505],[-99.28619358499928,19.450038919585502],[-99.28610387099927,19.450517975585527],[-99.28600913299927,19.450768450585578],[-99.28527820599928,19.451352987585665],[-99.28502908799928,19.452546211585844],[-99.29346591299927,19.45554679258618],[-99.29754908499925,19.457023992586393],[-99.30792904199922,19.45651720158631]]]},"properties":{"ID":29048,"ENTIDAD":15,"DISTRITO_F":22,"DISTRITO_L":32,"MUNICIPIO":58,"SECCION":6770,"TIPO":2,"CONTROL":0,"GEOMETRY1_":""}},
{"type":"Feature","geometry":{"type":"Polygon","coordinates":[[[-99.31147654599921,19.44906728558536],[-99.30448816699922,19.447767687585234],[-99.30297433199925,19.446085295585004],[-99.30155386499924,19.445366791584917],[-99.30134277199924,19.445089215584886],[-99.30103074299923,19.44469021558485],[-99.30072798299925,19.444351994584768],[-99.29863776999923,19.44286159358463],[-99.29715190399925,19.443284179584673],[-99.29613767399924,19.443146874584635],[-99.29592928299925,19.443090760584656],[-99.29577019199925,19.44308342058463],[-99.29570726299924,19.44309220858463],[-99.29567409799927,19.443105290584622],[-99.29465089299924,19.44370437758473],[-99.29445812699925,19.443490591584656],[-99.29436003199925,19.443463658584676],[-99.29429619699924,19.443434207584694],[-99.29418756599925,19.443378596584704],[-99.29413635199926,19.44332274858464],[-99.29411453299925,19.44328152858466],[-99.29408927199924,19.443234886584644],[-99.29407203299927,19.44319474558467],[-99.29404453899924,19.443179591584645],[-99.29400565099925,19.44319268258463],[-99.29385360199925,19.443283037584656],[-99.29360847599925,19.443346151584688],[-99.29356158399925,19.443311315584662],[-99.29350101799925,19.443288633584682],[-99.29343898599926,19.443286367584683],[-99.29337192499926,19.443358726584698],[-99.29332054399926,19.44342503458471],[-99.29329160799925,19.443446124584653],[-99.29327570699925,19.443516745584734],[-99.29343858073086,19.44410842572654],[-99.29358002026977,19.44469115634617],[-99.29380361799925,19.44562575658498],[-99.29477112399924,19.444919285584852],[-99.30426587399923,19.451761251585733],[-99.30555871499922,19.453323179585908],[-99.30831696499924,19.453964630586007],[-99.31147654599921,19.44906728558536]]]},"properties":{"ID":29049,"ENTIDAD":15,"DISTRITO_F":22,"DISTRITO_L":32,"MUNICIPIO":58,"SECCION":6771,"TIPO":2,"CONTROL":0,"GEOMETRY1_":""}},
{"type":"Feature","geometry":{"type":"Polygon","coordinates":[[[-99.30426587399923,19.451761251585733],[-99.29477112399924,19.444919285584852],[-99.29380361799925,19.44562575658498],[-99.29374850107824,19.447027082579094],[-99.29356606238709,19.447078804681222],[-99.28799272499928,19.449973072585493],[-99.29694112699926,19.45153973158567],[-99.30072706299924,19.45362286958592],[-99.30426587399923,19.451761251585733]]]},"properties":{"ID":29050,"ENTIDAD":15,"DISTRITO_F":22,"DISTRITO_L":32,"MUNICIPIO":58,"SECCION":6772,"TIPO":2,"CONTROL":0,"GEOMETRY1_":""}},
{"type":"Feature","geometry":{"type":"Polygon","coordinates":[[[-99.24137456929321,19.473583255143403],[-99.24903889176665,19.47271799771418],[-99.24806887831504,19.47050274284353],[-99.24638961054828,19.472028559834314],[-99.24137456929321,19.473583255143403]]]},"properties":{"ID":25260,"ENTIDAD":15,"DISTRITO_F":24,"DISTRITO_L":30,"MUNICIPIO":58,"SECCION":2582,"TIPO":2,"CONTROL":0,"GEOMETRY1_":""}},
{"type":"Feature","geometry":{"type":"Polygon","coordinates":[[[-99.24903889176665,19.47271799771418],[-99.24931713860713,19.472668766287466],[-99.25152217893083,19.47103753120356],[-99.25145744568894,19.46926662513466],[-99.25011221705788,19.469646158915584],[-99.24987057681052,19.470031651704907],[-99.249012008769,19.47034431421988],[-99.24825425951309,19.470234178618902],[-99.24806887831504,19.47050274284353],[-99.24903889176665,19.47271799771418]]]},"properties":{"ID":25261,"ENTIDAD":15,"DISTRITO_F":24,"DISTRITO_L":30,"MUNICIPIO":58,"SECCION":2583,"TIPO":2,"CONTROL":0,"GEOMETRY1_":""}},
{"type":"Feature","geometry":{"type":"Polygon","coordinates":[[[-99.25152217893083,19.47103753120356],[-99.25827720142559,19.467293539001673],[-99.25825925945256,19.467123205518813],[-99.25145744568894,19.46926662513466],[-99.25152217893083,19.47103753120356]]]},"properties":{"ID":25262,"ENTIDAD":15,"DISTRITO_F":24,"DISTRITO_L":30,"MUNICIPIO":58,"SECCION":2584,"TIPO":2,"CONTROL":0,"GEOMETRY1_":""}},
{"type":"Feature","geometry":{"type":"Polygon","coordinates":[[[-99.25011221705788,19.469646158915584],[-99.25145744568894,19.46926662513466],[-99.25825925945256,19.467123205518813],[-99.25827897434641,19.4669677217267],[-99.25665114007607,19.466559340500684],[-99.25253129626785,19.46780030849476],[-99.25011221705788,19.469646158915584]]]},"properties":{"ID":25263,"ENTIDAD":15,"DISTRITO_F":24,"DISTRITO_L":30,"MUNICIPIO":58,"SECCION":2585,"TIPO":2,"CONTROL":0,"GEOMETRY1_":""}},
{"type":"Feature","geometry":{"type":"Polygon","coordinates":[[[-99.25253129626785,19.46780030849476],[-99.25665114007607,19.466559340500684],[-99.2548170510859,19.466419048302015],[-99.25191843909299,19.466877594126395],[-99.25253129626785,19.46780030849476]]]},"properties":{"ID":25264,"ENTIDAD":15,"DISTRITO_F":24,"DISTRITO_L":30,"MUNICIPIO":58,"SECCION":2586,"TIPO":2,"CONTROL":0,"GEOMETRY1_":""}},
{"type":"Feature","geometry":{"type":"Polygon","coordinates":[[[-99.24987057681052,19.470031651704907],[-99.25011221705788,19.469646158915584],[-99.25253129626785,19.46780030849476],[-99.25191843909299,19.466877594126395],[-99.24871812850154,19.46827157385189],[-99.24987057681052,19.470031651704907]]]},"properties":{"ID":25265,"ENTIDAD":15,"DISTRITO_F":24,"DISTRITO_L":30,"MUNICIPIO":58,"SECCION":2587,"TIPO":2,"CONTROL":0,"GEOMETRY1_":""}},
{"type":"Feature","geometry":{"type":"Polygon","coordinates":[[[-99.249012008769,19.47034431421988],[-99.24987057681052,19.470031651704907],[-99.24871812850154,19.46827157385189],[-99.24687738560192,19.467683078507726],[-99.24517732507428,19.467745009231802],[-99.24567348772443,19.468604816081744],[-99.249012008769,19.47034431421988]]]},"properties":{"ID":25266,"ENTIDAD":15,"DISTRITO_F":24,"DISTRITO_L":30,"MUNICIPIO":58,"SECCION":2588,"TIPO":2,"CONTROL":0,"GEOMETRY1_":""}},
{"type":"Feature","geometry":{"type":"Polygon","coordinates":[[[-99.24532451124843,19.470709090225125],[-99.24825425951309,19.470234178618902],[-99.249012008769,19.47034431421988],[-99.24567348772443,19.468604816081744],[-99.24444061189268,19.46959842682128],[-99.24532451124843,19.470709090225125]]]},"properties":{"ID":25267,"ENTIDAD":15,"DISTRITO_F":24,"DISTRITO_L":30,"MUNICIPIO":58,"SECCION":2589,"TIPO":2,"CONTROL":0,"GEOMETRY1_":""}},
{"type":"Feature","geometry":{"type":"Polygon","coordinates":[[[-99.24638961054828,19.472028559834314],[-99.24806887831504,19.47050274284353],[-99.24825425951309,19.470234178618902],[-99.24532451124843,19.470709090225125],[-99.24430448878323,19.47124237360524],[-99.24638961054828,19.472028559834314]]]},"properties":{"ID":25268,"ENTIDAD":15,"DISTRITO_F":24,"DISTRITO_L":30,"MUNICIPIO":58,"SECCION":2590,"TIPO":2,"CONTROL":0,"GEOMETRY1_":""}},
{"type":"Feature","geometry":{"type":"Polygon","coordinates":[[[-99.2406498439903,19.47363147973818],[-99.24137456929321,19.473583255143403],[-99.24638961054828,19.472028559834314],[-99.24430448878323,19.47124237360524],[-99.24051835005663,19.470275899922683],[-99.2406498439903,19.47363147973818]]]},"properties":{"ID":25269,"ENTIDAD":15,"DISTRITO_F":24,"DISTRITO_L":30,"MUNICIPIO":58,"SECCION":2591,"TIPO":2,"CONTROL":0,"GEOMETRY1_":""}},
{"type":"Feature","geometry":{"type":"Polygon","coordinates":[[[-99.23955820309494,19.473688779727905],[-99.2406498439903,19.47363147973818],[-99.24051835005663,19.470275899922683],[-99.24051010030607,19.470043407230246],[-99.23570406207159,19.472753867748626],[-99.23729427267209,19.473088615427173],[-99.23955820309494,19.473688779727905]]]},"properties":{"ID":25270,"ENTIDAD":15,"DISTRITO_F":24,"DISTRITO_L":30,"MUNICIPIO":58,"SECCION":2592,"TIPO":2,"CONTROL":0,"GEOMETRY1_":""}},
{"type":"Feature","geometry":{"type":"Polygon","coordinates":[[[-99.23458264944838,19.472522638880037],[-99.23491872103368,19.46979942601658],[-99.23882946597732,19.46650289104271],[-99.23772205392795,19.462462388992282],[-99.23816648891089,19.4595743683639],[-99.23796442771909,19.45962862115227],[-99.23683625816471,19.460018669684153],[-99.23626481554001,19.46172534330373],[-99.2333881607847,19.464461327809573],[-99.23324764049123,19.465893516975836],[-99.2319246601426,19.46871762266494],[-99.23206924092837,19.470128641347703],[-99.23204770381325,19.470367398743278],[-99.23199351170541,19.47086034507507],[-99.23410457989782,19.472365785436335],[-99.23458264944838,19.472522638880037]]]},"properties":{"ID":25275,"ENTIDAD":15,"DISTRITO_F":24,"DISTRITO_L":30,"MUNICIPIO":58,"SECCION":2597,"TIPO":2,"CONTROL":0,"GEOMETRY1_":""}},
{"type":"Feature","geometry":{"type":"Polygon","coordinates":[[[-99.23458264944838,19.472522638880037],[-99.23570406207159,19.472753867748626],[-99.24051010030607,19.470043407230246],[-99.24119093825999,19.469324511090466],[-99.24517732507428,19.467745009231802],[-99.24687738560192,19.467683078507726],[-99.2499817113954,19.462864929611694],[-99.24499674573242,19.46315891775557],[-99.24447044974134,19.463365299640422],[-99.24010623556772,19.46531232434509],[-99.23882946597732,19.46650289104271],[-99.23491872103368,19.46979942601658],[-99.23458264944838,19.472522638880037]]]},"properties":{"ID":25276,"ENTIDAD":15,"DISTRITO_F":24,"DISTRITO_L":30,"MUNICIPIO":58,"SECCION":2598,"TIPO":2,"CONTROL":0,"GEOMETRY1_":""}},
{"type":"Feature","geometry":{"type":"Polygon","coordinates":[[[-99.24051835005663,19.470275899922683],[-99.24430448878323,19.47124237360524],[-99.24532451124843,19.470709090225125],[-99.24444061189268,19.46959842682128],[-99.24119093825999,19.469324511090466],[-99.24051010030607,19.470043407230246],[-99.24051835005663,19.470275899922683]]]},"properties":{"ID":25277,"ENTIDAD":15,"DISTRITO_F":24,"DISTRITO_L":30,"MUNICIPIO":58,"SECCION":2599,"TIPO":2,"CONTROL":0,"GEOMETRY1_":""}},
{"type":"Feature","geometry":{"type":"Polygon","coordinates":[[[-99.24444061189268,19.46959842682128],[-99.24567348772443,19.468604816081744],[-99.24517732507428,19.467745009231802],[-99.24119093825999,19.469324511090466],[-99.24444061189268,19.46959842682128]]]},"properties":{"ID":25278,"ENTIDAD":15,"DISTRITO_F":24,"DISTRITO_L":30,"MUNICIPIO":58,"SECCION":2600,"TIPO":2,"CONTROL":0,"GEOMETRY1_":""}},
{"type":"Feature","geometry":{"type":"Polygon","coordinates":[[[-99.2499817113954,19.462864929611694],[-99.25155101982267,19.46458300591082],[-99.25100748005337,19.463102942747906],[-99.24854723445861,19.46168022173779],[-99.24499674573242,19.46315891775557],[-99.2499817113954,19.462864929611694]]]},"properties":{"ID":25279,"ENTIDAD":15,"DISTRITO_F":24,"DISTRITO_L":30,"MUNICIPIO":58,"SECCION":2601,"TIPO":2,"CONTROL":0,"GEOMETRY1_":""}},
{"type":"Feature","geometry":{"type":"Polygon","coordinates":[[[-99.24871812850154,19.46827157385189],[-99.25191843909299,19.466877594126395],[-99.2548170510859,19.466419048302015],[-99.2550450611196,19.46578407839545],[-99.254304713432,19.464603638899195],[-99.25155101982267,19.46458300591082],[-99.2499817113954,19.462864929611694],[-99.24687738560192,19.467683078507726],[-99.24871812850154,19.46827157385189]]]},"properties":{"ID":25280,"ENTIDAD":15,"DISTRITO_F":24,"DISTRITO_L":30,"MUNICIPIO":58,"SECCION":2602,"TIPO":2,"CONTROL":0,"GEOMETRY1_":""}},
{"type":"Feature","geometry":{"type":"Polygon","coordinates":[[[-99.25155101982267,19.46458300591082],[-99.254304713432,19.464603638899195],[-99.25399005050195,19.463750949594743],[-99.25346802105015,19.462293666072505],[-99.25319776448197,19.461545806126495],[-99.25100748005337,19.463102942747906],[-99.25155101982267,19.46458300591082]]]},"properties":{"ID":25281,"ENTIDAD":15,"DISTRITO_F":24,"DISTRITO_L":30,"MUNICIPIO":58,"SECCION":2603,"TIPO":2,"CONTROL":0,"GEOMETRY1_":""}},
{"type":"Feature","geometry":{"type":"Polygon","coordinates":[[[-99.25399005050195,19.463750949594743],[-99.25621547404089,19.462218828361703],[-99.25593287039005,19.46148259987323],[-99.25346802105015,19.462293666072505],[-99.25399005050195,19.463750949594743]]]},"properties":{"ID":25282,"ENTIDAD":15,"DISTRITO_F":24,"DISTRITO_L":30,"MUNICIPIO":58,"SECCION":2604,"TIPO":2,"CONTROL":0,"GEOMETRY1_":""}},
{"type":"Feature","geometry":{"type":"Polygon","coordinates":[[[-99.257489860496,19.466012867125034],[-99.25621547404089,19.462218828361703],[-99.25399005050195,19.463750949594743],[-99.254304713432,19.464603638899195],[-99.2550450611196,19.46578407839545],[-99.257489860496,19.466012867125034]]]},"properties":{"ID":25283,"ENTIDAD":15,"DISTRITO_F":24,"DISTRITO_L":30,"MUNICIPIO":58,"SECCION":2605,"TIPO":2,"CONTROL":0,"GEOMETRY1_":""}},
{"type":"Feature","geometry":{"type":"Polygon","coordinates":[[[-99.257489860496,19.466012867125034],[-99.25898122663382,19.46604817203836],[-99.25856241192947,19.465386830867036],[-99.25872328297181,19.46336511589399],[-99.25764511831696,19.461203588307846],[-99.25756625153979,19.460942706153592],[-99.25593287039005,19.46148259987323],[-99.25621547404089,19.462218828361703],[-99.257489860496,19.466012867125034]]]},"properties":{"ID":25284,"ENTIDAD":15,"DISTRITO_F":24,"DISTRITO_L":30,"MUNICIPIO":58,"SECCION":2606,"TIPO":2,"CONTROL":0,"GEOMETRY1_":""}},
{"type":"Feature","geometry":{"type":"Polygon","coordinates":[[[-99.25593287039005,19.46148259987323],[-99.25756625153979,19.460942706153592],[-99.25793117101247,19.458757286268845],[-99.25524510980132,19.459415406132152],[-99.2537450261343,19.459735024779135],[-99.25593287039005,19.46148259987323]]]},"properties":{"ID":25285,"ENTIDAD":15,"DISTRITO_F":24,"DISTRITO_L":30,"MUNICIPIO":58,"SECCION":2607,"TIPO":2,"CONTROL":0,"GEOMETRY1_":""}},
{"type":"Feature","geometry":{"type":"Polygon","coordinates":[[[-99.25346802105015,19.462293666072505],[-99.25593287039005,19.46148259987323],[-99.2537450261343,19.459735024779135],[-99.25343226251421,19.459808060734296],[-99.2525902915126,19.46002690326669],[-99.25319776448197,19.461545806126495],[-99.25346802105015,19.462293666072505]]]},"properties":{"ID":25286,"ENTIDAD":15,"DISTRITO_F":24,"DISTRITO_L":30,"MUNICIPIO":58,"SECCION":2608,"TIPO":2,"CONTROL":0,"GEOMETRY1_":""}},
{"type":"Feature","geometry":{"type":"Polygon","coordinates":[[[-99.25100748005337,19.463102942747906],[-99.25319776448197,19.461545806126495],[-99.2525902915126,19.46002690326669],[-99.24854723445861,19.46168022173779],[-99.25100748005337,19.463102942747906]]]},"properties":{"ID":25287,"ENTIDAD":15,"DISTRITO_F":24,"DISTRITO_L":30,"MUNICIPIO":58,"SECCION":2609,"TIPO":2,"CONTROL":0,"GEOMETRY1_":""}},
{"type":"Feature","geometry":{"type":"Polygon","coordinates":[[[-99.2525902915126,19.46002690326669],[-99.24961589475117,19.459613801016623],[-99.24764154021476,19.459688732863714],[-99.24840058183275,19.46134503941842],[-99.24854723445861,19.46168022173779],[-99.2525902915126,19.46002690326669]]]},"properties":{"ID":25288,"ENTIDAD":15,"DISTRITO_F":24,"DISTRITO_L":30,"MUNICIPIO":58,"SECCION":2610,"TIPO":2,"CONTROL":0,"GEOMETRY1_":""}},
{"type":"Feature","geometry":{"type":"Polygon","coordinates":[[[-99.24854723445861,19.46168022173779],[-99.24840058183275,19.46134503941842],[-99.2452922116459,19.460930394386157],[-99.24433447850838,19.462389663134662],[-99.24447044974134,19.463365299640422],[-99.24499674573242,19.46315891775557],[-99.24854723445861,19.46168022173779]]]},"properties":{"ID":25289,"ENTIDAD":15,"DISTRITO_F":24,"DISTRITO_L":30,"MUNICIPIO":58,"SECCION":2611,"TIPO":2,"CONTROL":0,"GEOMETRY1_":""}},
{"type":"Feature","geometry":{"type":"Polygon","coordinates":[[[-99.2452922116459,19.460930394386157],[-99.24840058183275,19.46134503941842],[-99.24764154021476,19.459688732863714],[-99.24715940608732,19.459867906287727],[-99.24523334811802,19.4600506790368],[-99.2452922116459,19.460930394386157]]]},"properties":{"ID":25290,"ENTIDAD":15,"DISTRITO_F":24,"DISTRITO_L":30,"MUNICIPIO":58,"SECCION":2612,"TIPO":2,"CONTROL":0,"GEOMETRY1_":""}},
{"type":"Feature","geometry":{"type":"Polygon","coordinates":[[[-99.24433447850838,19.462389663134662],[-99.2452922116459,19.460930394386157],[-99.24523334811802,19.4600506790368],[-99.2436895873518,19.460188882115688],[-99.24287504730134,19.461731521489813],[-99.24433447850838,19.462389663134662]]]},"properties":{"ID":25291,"ENTIDAD":15,"DISTRITO_F":24,"DISTRITO_L":30,"MUNICIPIO":58,"SECCION":2613,"TIPO":2,"CONTROL":0,"GEOMETRY1_":""}},
{"type":"Feature","geometry":{"type":"Polygon","coordinates":[[[-99.24715940608732,19.459867906287727],[-99.24661306624941,19.458482204674457],[-99.24516282779645,19.459022423006928],[-99.2436895873518,19.460188882115688],[-99.24523334811802,19.4600506790368],[-99.24715940608732,19.459867906287727]]]},"properties":{"ID":25292,"ENTIDAD":15,"DISTRITO_F":24,"DISTRITO_L":30,"MUNICIPIO":58,"SECCION":2614,"TIPO":2,"CONTROL":0,"GEOMETRY1_":""}},
{"type":"Feature","geometry":{"type":"Polygon","coordinates":[[[-99.24447044974134,19.463365299640422],[-99.24433447850838,19.462389663134662],[-99.24287504730134,19.461731521489813],[-99.24067891719804,19.46343858835443],[-99.24060849094128,19.46365323889775],[-99.24010623556772,19.46531232434509],[-99.24447044974134,19.463365299640422]]]},"properties":{"ID":25293,"ENTIDAD":15,"DISTRITO_F":24,"DISTRITO_L":30,"MUNICIPIO":58,"SECCION":2615,"TIPO":2,"CONTROL":0,"GEOMETRY1_":""}},
{"type":"Feature","geometry":{"type":"Polygon","coordinates":[[[-99.23882946597732,19.46650289104271],[-99.24010623556772,19.46531232434509],[-99.24060849094128,19.46365323889775],[-99.24037365597675,19.460735471826982],[-99.23772205392795,19.462462388992282],[-99.23882946597732,19.46650289104271]]]},"properties":{"ID":25294,"ENTIDAD":15,"DISTRITO_F":24,"DISTRITO_L":30,"MUNICIPIO":58,"SECCION":2616,"TIPO":2,"CONTROL":0,"GEOMETRY1_":""}},
{"type":"Feature","geometry":{"type":"Polygon","coordinates":[[[-99.24060849094128,19.46365323889775],[-99.24067891719804,19.46343858835443],[-99.24180636649541,19.461066993175262],[-99.24037365597675,19.460735471826982],[-99.24060849094128,19.46365323889775]]]},"properties":{"ID":25295,"ENTIDAD":15,"DISTRITO_F":24,"DISTRITO_L":30,"MUNICIPIO":58,"SECCION":2617,"TIPO":2,"CONTROL":0,"GEOMETRY1_":""}},
{"type":"Feature","geometry":{"type":"Polygon","coordinates":[[[-99.23772205392795,19.462462388992282],[-99.24037365597675,19.460735471826982],[-99.24180636649541,19.461066993175262],[-99.24231997349068,19.46017864538218],[-99.24451560842738,19.457829504073455],[-99.24393881424079,19.457645284783062],[-99.24362539807989,19.457938172687413],[-99.23816648891089,19.4595743683639],[-99.23772205392795,19.462462388992282]]]},"properties":{"ID":25296,"ENTIDAD":15,"DISTRITO_F":24,"DISTRITO_L":30,"MUNICIPIO":58,"SECCION":2618,"TIPO":2,"CONTROL":0,"GEOMETRY1_":""}},
{"type":"Feature","geometry":{"type":"Polygon","coordinates":[[[-99.24231997349068,19.46017864538218],[-99.24180636649541,19.461066993175262],[-99.24067891719804,19.46343858835443],[-99.24287504730134,19.461731521489813],[-99.2436895873518,19.460188882115688],[-99.24231997349068,19.46017864538218]]]},"properties":{"ID":25297,"ENTIDAD":15,"DISTRITO_F":24,"DISTRITO_L":30,"MUNICIPIO":58,"SECCION":2619,"TIPO":2,"CONTROL":0,"GEOMETRY1_":""}},
{"type":"Feature","geometry":{"type":"Polygon","coordinates":[[[-99.24451560842738,19.457829504073455],[-99.24231997349068,19.46017864538218],[-99.2436895873518,19.460188882115688],[-99.24516282779645,19.459022423006928],[-99.24451560842738,19.457829504073455]]]},"properties":{"ID":25298,"ENTIDAD":15,"DISTRITO_F":24,"DISTRITO_L":30,"MUNICIPIO":58,"SECCION":2620,"TIPO":2,"CONTROL":0,"GEOMETRY1_":""}},
{"type":"Feature","geometry":{"type":"Polygon","coordinates":[[[-99.24516282779645,19.459022423006928],[-99.24661306624941,19.458482204674457],[-99.24731251742831,19.45829319539059],[-99.24699453582453,19.456258061250804],[-99.24393881424079,19.457645284783062],[-99.24451560842738,19.457829504073455],[-99.24516282779645,19.459022423006928]]]},"properties":{"ID":25299,"ENTIDAD":15,"DISTRITO_F":24,"DISTRITO_L":30,"MUNICIPIO":58,"SECCION":2621,"TIPO":2,"CONTROL":0,"GEOMETRY1_":""}},
{"type":"Feature","geometry":{"type":"Polygon","coordinates":[[[-99.24969978190835,19.458544352708444],[-99.25042313713804,19.45873509682277],[-99.25028416562813,19.457432705737027],[-99.24775242436257,19.456146549279097],[-99.24699453582453,19.456258061250804],[-99.24731251742831,19.45829319539059],[-99.24969978190835,19.458544352708444]]]},"properties":{"ID":25300,"ENTIDAD":15,"DISTRITO_F":24,"DISTRITO_L":30,"MUNICIPIO":58,"SECCION":2622,"TIPO":2,"CONTROL":0,"GEOMETRY1_":""}},
{"type":"Feature","geometry":{"type":"Polygon","coordinates":[[[-99.24731251742831,19.45829319539059],[-99.24661306624941,19.458482204674457],[-99.24715940608732,19.459867906287727],[-99.24764154021476,19.459688732863714],[-99.24961589475117,19.459613801016623],[-99.24969978190835,19.458544352708444],[-99.24731251742831,19.45829319539059]]]},"properties":{"ID":25301,"ENTIDAD":15,"DISTRITO_F":24,"DISTRITO_L":30,"MUNICIPIO":58,"SECCION":2623,"TIPO":2,"CONTROL":0,"GEOMETRY1_":""}},
{"type":"Feature","geometry":{"type":"Polygon","coordinates":[[[-99.25042313713804,19.45873509682277],[-99.24969978190835,19.458544352708444],[-99.25308658284919,19.459888781714287],[-99.25302803597201,19.4594280646319],[-99.25042313713804,19.45873509682277]]]},"properties":{"ID":25302,"ENTIDAD":15,"DISTRITO_F":24,"DISTRITO_L":30,"MUNICIPIO":58,"SECCION":2624,"TIPO":2,"CONTROL":0,"GEOMETRY1_":""}},
{"type":"Feature","geometry":{"type":"Polygon","coordinates":[[[-99.25302803597201,19.4594280646319],[-99.25311786863236,19.457957927697663],[-99.2527270916321,19.456566256948737],[-99.25028416562813,19.457432705737027],[-99.25042313713804,19.45873509682277],[-99.25302803597201,19.4594280646319]]]},"properties":{"ID":25303,"ENTIDAD":15,"DISTRITO_F":24,"DISTRITO_L":30,"MUNICIPIO":58,"SECCION":2625,"TIPO":2,"CONTROL":0,"GEOMETRY1_":""}},
{"type":"Feature","geometry":{"type":"Polygon","coordinates":[[[-99.25028416562813,19.457432705737027],[-99.2527270916321,19.456566256948737],[-99.25264309322043,19.455676584051808],[-99.24821628045235,19.4561710090121],[-99.24775242436257,19.456146549279097],[-99.25028416562813,19.457432705737027]]]},"properties":{"ID":25304,"ENTIDAD":15,"DISTRITO_F":24,"DISTRITO_L":30,"MUNICIPIO":58,"SECCION":2626,"TIPO":2,"CONTROL":0,"GEOMETRY1_":""}},
{"type":"Feature","geometry":{"type":"Polygon","coordinates":[[[-99.25311786863236,19.457957927697663],[-99.2548346708924,19.457323715018383],[-99.2568531979168,19.456952437784786],[-99.25769231595933,19.456298226522073],[-99.25675523907437,19.454086056794335],[-99.25555192719675,19.454662972838598],[-99.25472880814381,19.45543948970446],[-99.25381634024183,19.45576440791562],[-99.25302956462752,19.455986989658726],[-99.25264309322043,19.455676584051808],[-99.2527270916321,19.456566256948737],[-99.25311786863236,19.457957927697663]]]},"properties":{"ID":25305,"ENTIDAD":15,"DISTRITO_F":24,"DISTRITO_L":30,"MUNICIPIO":58,"SECCION":2627,"TIPO":2,"CONTROL":0,"GEOMETRY1_":""}},
{"type":"Feature","geometry":{"type":"Polygon","coordinates":[[[-99.23065384020562,19.458947493143267],[-99.2342570546358,19.45795000007576],[-99.23420027587004,19.45689167993788],[-99.23365483300076,19.455532219844077],[-99.23277963816129,19.45640958383259],[-99.23065384020562,19.458947493143267]]]},"properties":{"ID":25306,"ENTIDAD":15,"DISTRITO_F":24,"DISTRITO_L":30,"MUNICIPIO":58,"SECCION":2628,"TIPO":2,"CONTROL":0,"GEOMETRY1_":""}},
{"type":"Feature","geometry":{"type":"Polygon","coordinates":[[[-99.23420027587004,19.45689167993788],[-99.23534977892666,19.455200793969066],[-99.23464306254542,19.45443160227341],[-99.23365483300076,19.455532219844077],[-99.23420027587004,19.45689167993788]]]},"properties":{"ID":25307,"ENTIDAD":15,"DISTRITO_F":24,"DISTRITO_L":30,"MUNICIPIO":58,"SECCION":2629,"TIPO":2,"CONTROL":0,"GEOMETRY1_":""}},
{"type":"Feature","geometry":{"type":"Polygon","coordinates":[[[-99.23524895498215,19.458578020019186],[-99.23540960993884,19.458369848797883],[-99.23588111679447,19.45520413562458],[-99.23534977892666,19.455200793969066],[-99.23420027587004,19.45689167993788],[-99.2342570546358,19.45795000007576],[-99.23524895498215,19.458578020019186]]]},"properties":{"ID":25308,"ENTIDAD":15,"DISTRITO_F":24,"DISTRITO_L":30,"MUNICIPIO":58,"SECCION":2630,"TIPO":2,"CONTROL":0,"GEOMETRY1_":""}},
{"type":"Feature","geometry":{"type":"Polygon","coordinates":[[[-99.23540960993884,19.458369848797883],[-99.23648676203554,19.457065283771005],[-99.23765311634834,19.455051375434046],[-99.23669736053203,19.453905579961877],[-99.23588111679447,19.45520413562458],[-99.23540960993884,19.458369848797883]]]},"properties":{"ID":25309,"ENTIDAD":15,"DISTRITO_F":24,"DISTRITO_L":30,"MUNICIPIO":58,"SECCION":2631,"TIPO":2,"CONTROL":0,"GEOMETRY1_":""}},
{"type":"Feature","geometry":{"type":"Polygon","coordinates":[[[-99.23588111679447,19.45520413562458],[-99.23669736053203,19.453905579961877],[-99.23745479722793,19.453498980323314],[-99.2373468921763,19.453417386845114],[-99.23760912159294,19.453117555957583],[-99.23759092198182,19.452938675515377],[-99.23723328405713,19.452919391426324],[-99.23683783318826,19.45287639211421],[-99.23464306254542,19.45443160227341],[-99.23534977892666,19.455200793969066],[-99.23588111679447,19.45520413562458]]]},"properties":{"ID":25310,"ENTIDAD":15,"DISTRITO_F":24,"DISTRITO_L":30,"MUNICIPIO":58,"SECCION":2632,"TIPO":2,"CONTROL":0,"GEOMETRY1_":""}},
{"type":"Feature","geometry":{"type":"Polygon","coordinates":[[[-99.23745479722793,19.453498980323314],[-99.23669736053203,19.453905579961877],[-99.23765311634834,19.455051375434046],[-99.23770081191205,19.455014999141333],[-99.23796989881804,19.454074829461348],[-99.2387614666494,19.45386231224564],[-99.23923920646607,19.453588815441538],[-99.23991912224561,19.452820005802444],[-99.23933626030077,19.45217550543062],[-99.23867450575877,19.45287789912702],[-99.23780061177644,19.453391589985728],[-99.23745479722793,19.453498980323314]]]},"properties":{"ID":25311,"ENTIDAD":15,"DISTRITO_F":24,"DISTRITO_L":30,"MUNICIPIO":58,"SECCION":2633,"TIPO":2,"CONTROL":0,"GEOMETRY1_":""}},
{"type":"Feature","geometry":{"type":"Polygon","coordinates":[[[-99.2373468921763,19.453417386845114],[-99.23780061177644,19.453391589985728],[-99.23867450575877,19.45287789912702],[-99.23965228844257,19.451383497513646],[-99.24017542623297,19.450282790421177],[-99.23990460415573,19.45058097491427],[-99.23952146278239,19.450945138951802],[-99.23925634810914,19.451196416402425],[-99.23914630799575,19.45027956997112],[-99.2398083172285,19.449355812944933],[-99.24053146255741,19.44848403442342],[-99.24115639910262,19.447646506112115],[-99.24440086530971,19.44589108528489],[-99.24401269615267,19.444945808118447],[-99.23983397968898,19.446095040757754],[-99.23630277676924,19.44363573370226],[-99.23588763940074,19.44354803356415],[-99.23194381251837,19.447720775970236],[-99.23226311900746,19.450857139711403],[-99.23285006601019,19.450984505256464],[-99.23683087166032,19.452533736955232],[-99.23702773810109,19.45259117531916],[-99.23723328405713,19.452919391426324],[-99.23759092198182,19.452938675515377],[-99.23760912159294,19.453117555957583],[-99.2373468921763,19.453417386845114]]]},"properties":{"ID":25312,"ENTIDAD":15,"DISTRITO_F":24,"DISTRITO_L":30,"MUNICIPIO":58,"SECCION":2634,"TIPO":2,"CONTROL":0,"GEOMETRY1_":""}},
{"type":"Feature","geometry":{"type":"Polygon","coordinates":[[[-99.24223215715406,19.448159813624915],[-99.2404412573789,19.45009273571632],[-99.23965228844257,19.451383497513646],[-99.23933626030077,19.45217550543062],[-99.23991912224561,19.452820005802444],[-99.2421539881514,19.450591671639433],[-99.24294141870264,19.449349975321873],[-99.24223215715406,19.448159813624915]]]},"properties":{"ID":25313,"ENTIDAD":15,"DISTRITO_F":24,"DISTRITO_L":30,"MUNICIPIO":58,"SECCION":2635,"TIPO":2,"CONTROL":0,"GEOMETRY1_":""}},
{"type":"Feature","geometry":{"type":"Polygon","coordinates":[[[-99.23925634810914,19.451196416402425],[-99.23952146278239,19.450945138951802],[-99.23990460415573,19.45058097491427],[-99.24017542623297,19.450282790421177],[-99.2404412573789,19.45009273571632],[-99.24223215715406,19.448159813624915],[-99.24269722968427,19.447004542441295],[-99.24268157670475,19.446841278580028],[-99.24115639910262,19.447646506112115],[-99.24053146255741,19.44848403442342],[-99.2398083172285,19.449355812944933],[-99.23914630799575,19.45027956997112],[-99.23925634810914,19.451196416402425]]]},"properties":{"ID":25314,"ENTIDAD":15,"DISTRITO_F":24,"DISTRITO_L":30,"MUNICIPIO":58,"SECCION":2636,"TIPO":2,"CONTROL":0,"GEOMETRY1_":""}},
{"type":"Feature","geometry":{"type":"Polygon","coordinates":[[[-99.26015499116063,19.450496242394767],[-99.26049685522987,19.4505350646097],[-99.26070386186649,19.450470153089306],[-99.26086340212565,19.4504022472645],[-99.26081894478547,19.450288678139415],[-99.2602770032635,19.44982129645379],[-99.26011172205871,19.44966715961474],[-99.26185183206644,19.448840766071395],[-99.26179360101814,19.44762493781228],[-99.26127857015572,19.44656647559892],[-99.2590241073134,19.448950603282352],[-99.26015499116063,19.450496242394767]]]},"properties":{"ID":25315,"ENTIDAD":15,"DISTRITO_F":24,"DISTRITO_L":30,"MUNICIPIO":58,"SECCION":2637,"TIPO":2,"CONTROL":0,"GEOMETRY1_":""}},
{"type":"Feature","geometry":{"type":"Polygon","coordinates":[[[-99.26360683214247,19.44805635762098],[-99.26383100261022,19.44483749710069],[-99.26118891760682,19.446605066128907],[-99.26127857015572,19.44656647559892],[-99.26179360101814,19.44762493781228],[-99.26228887345779,19.448650002202857],[-99.26257388232212,19.448524535533707],[-99.26360683214247,19.44805635762098]]]},"properties":{"ID":25316,"ENTIDAD":15,"DISTRITO_F":24,"DISTRITO_L":30,"MUNICIPIO":58,"SECCION":2638,"TIPO":2,"CONTROL":0,"GEOMETRY1_":""}},
{"type":"Feature","geometry":{"type":"Polygon","coordinates":[[[-99.2666841785585,19.44678055761331],[-99.26593028763156,19.443512156353936],[-99.26361515597743,19.443697803490082],[-99.26340186212369,19.44378989161495],[-99.26383100261022,19.44483749710069],[-99.26360683214247,19.44805635762098],[-99.26551488136089,19.447232130115125],[-99.2666841785585,19.44678055761331]]]},"properties":{"ID":25317,"ENTIDAD":15,"DISTRITO_F":24,"DISTRITO_L":30,"MUNICIPIO":58,"SECCION":2639,"TIPO":2,"CONTROL":0,"GEOMETRY1_":""}},
{"type":"Feature","geometry":{"type":"Polygon","coordinates":[[[-99.26340186212369,19.44378989161495],[-99.26058403451941,19.443588795775774],[-99.25852186829314,19.44476985674411],[-99.26038045470914,19.446960074709054],[-99.26118891760682,19.446605066128907],[-99.26383100261022,19.44483749710069],[-99.26340186212369,19.44378989161495]]]},"properties":{"ID":25318,"ENTIDAD":15,"DISTRITO_F":24,"DISTRITO_L":30,"MUNICIPIO":58,"SECCION":2640,"TIPO":2,"CONTROL":0,"GEOMETRY1_":""}},
{"type":"Feature","geometry":{"type":"Polygon","coordinates":[[[-99.25825947460633,19.44844652599755],[-99.26038045470914,19.446960074709054],[-99.25852186829314,19.44476985674411],[-99.25739921232501,19.445281694917387],[-99.25723854037005,19.4480995213329],[-99.25825947460633,19.44844652599755]]]},"properties":{"ID":25319,"ENTIDAD":15,"DISTRITO_F":24,"DISTRITO_L":30,"MUNICIPIO":58,"SECCION":2641,"TIPO":2,"CONTROL":0,"GEOMETRY1_":""}},
{"type":"Feature","geometry":{"type":"Polygon","coordinates":[[[-99.25723854037005,19.4480995213329],[-99.25739921232501,19.445281694917387],[-99.25399882368748,19.446079872915806],[-99.25500543532975,19.44791082142073],[-99.25514910506017,19.448409004735012],[-99.25619148394802,19.448136679240193],[-99.25723854037005,19.4480995213329]]]},"properties":{"ID":25320,"ENTIDAD":15,"DISTRITO_F":24,"DISTRITO_L":30,"MUNICIPIO":58,"SECCION":2642,"TIPO":2,"CONTROL":0,"GEOMETRY1_":""}},
{"type":"Feature","geometry":{"type":"Polygon","coordinates":[[[-99.25500543532975,19.44791082142073],[-99.25399882368748,19.446079872915806],[-99.25009722290979,19.44693424983636],[-99.25212218407493,19.44783164163725],[-99.25500543532975,19.44791082142073]]]},"properties":{"ID":25321,"ENTIDAD":15,"DISTRITO_F":24,"DISTRITO_L":30,"MUNICIPIO":58,"SECCION":2643,"TIPO":2,"CONTROL":0,"GEOMETRY1_":""}},
{"type":"Feature","geometry":{"type":"Polygon","coordinates":[[[-99.25227132737442,19.448491825063897],[-99.25212218407493,19.44783164163725],[-99.25009722290979,19.44693424983636],[-99.2492068090108,19.447115766993527],[-99.24834050535536,19.447331342222714],[-99.24774537909893,19.449220727320128],[-99.24738460118567,19.449540984926465],[-99.24758100528129,19.449493867463953],[-99.2505683618739,19.448785380737423],[-99.25227132737442,19.448491825063897]]]},"properties":{"ID":25322,"ENTIDAD":15,"DISTRITO_F":24,"DISTRITO_L":30,"MUNICIPIO":58,"SECCION":2644,"TIPO":2,"CONTROL":0,"GEOMETRY1_":""}},
{"type":"Feature","geometry":{"type":"Polygon","coordinates":[[[-99.25009722290979,19.44693424983636],[-99.25399882368748,19.446079872915806],[-99.25739921232501,19.445281694917387],[-99.25852186829314,19.44476985674411],[-99.26058403451941,19.443588795775774],[-99.25425632033954,19.44402204951106],[-99.25057263749044,19.44470173106019],[-99.2492068090108,19.447115766993527],[-99.25009722290979,19.44693424983636]]]},"properties":{"ID":25323,"ENTIDAD":15,"DISTRITO_F":24,"DISTRITO_L":30,"MUNICIPIO":58,"SECCION":2645,"TIPO":2,"CONTROL":0,"GEOMETRY1_":""}},
{"type":"Feature","geometry":{"type":"Polygon","coordinates":[[[-99.26352787276136,19.443204746188403],[-99.26331303847415,19.442097296511406],[-99.26138639471284,19.442058556560017],[-99.26107836858321,19.44158031838318],[-99.26075472461748,19.44094102691756],[-99.25917239529717,19.44196653601131],[-99.25864666160737,19.44244534121807],[-99.26352787276136,19.443204746188403]]]},"properties":{"ID":25324,"ENTIDAD":15,"DISTRITO_F":24,"DISTRITO_L":30,"MUNICIPIO":58,"SECCION":2646,"TIPO":2,"CONTROL":0,"GEOMETRY1_":""}},
{"type":"Feature","geometry":{"type":"Polygon","coordinates":[[[-99.26361515597743,19.443697803490082],[-99.26593028763156,19.443512156353936],[-99.26320235565116,19.44141131888289],[-99.26331303847415,19.442097296511406],[-99.26352787276136,19.443204746188403],[-99.26361515597743,19.443697803490082]]]},"properties":{"ID":25325,"ENTIDAD":15,"DISTRITO_F":24,"DISTRITO_L":30,"MUNICIPIO":58,"SECCION":2647,"TIPO":2,"CONTROL":0,"GEOMETRY1_":""}},
{"type":"Feature","geometry":{"type":"Polygon","coordinates":[[[-99.26585401811292,19.43985994063284],[-99.26773588928421,19.443429986464487],[-99.26704550808557,19.440732756098424],[-99.26585401811292,19.43985994063284]]]},"properties":{"ID":25326,"ENTIDAD":15,"DISTRITO_F":24,"DISTRITO_L":30,"MUNICIPIO":58,"SECCION":2648,"TIPO":2,"CONTROL":0,"GEOMETRY1_":""}},
{"type":"Feature","geometry":{"type":"Polygon","coordinates":[[[-99.26773588928421,19.443429986464487],[-99.27197939322134,19.44042505487785],[-99.27139485241254,19.43894513330248],[-99.26704550808557,19.440732756098424],[-99.26773588928421,19.443429986464487]]]},"properties":{"ID":25327,"ENTIDAD":15,"DISTRITO_F":24,"DISTRITO_L":30,"MUNICIPIO":58,"SECCION":2649,"TIPO":2,"CONTROL":0,"GEOMETRY1_":""}},
{"type":"Feature","geometry":{"type":"Polygon","coordinates":[[[-99.27631803906128,19.44092255543527],[-99.27538641418603,19.437953340599492],[-99.27262379778564,19.43365857500276],[-99.27178203265005,19.433850649442835],[-99.27437848785213,19.438769575120332],[-99.271979393222,19.440425055262253],[-99.2722694985816,19.441161817784177],[-99.27240626632351,19.441509155771747],[-99.27244486500435,19.441607181430257],[-99.2726001195047,19.44203666755895],[-99.27304645192397,19.4419992675038],[-99.27346404855348,19.44196413138975],[-99.27431043506736,19.44195903244028],[-99.27463276018707,19.44178155181473],[-99.27631803906128,19.44092255543527]]]},"properties":{"ID":25328,"ENTIDAD":15,"DISTRITO_F":24,"DISTRITO_L":17,"MUNICIPIO":58,"SECCION":2650,"TIPO":2,"CONTROL":0,"GEOMETRY1_":""}},
{"type":"Feature","geometry":{"type":"Polygon","coordinates":[[[-99.27538641418603,19.437953340599492],[-99.27631803906128,19.44092255543527],[-99.27698638284248,19.440753269164883],[-99.2772836974691,19.44022611553308],[-99.27995674842707,19.438727342384745],[-99.27779440702935,19.435797776138553],[-99.27753191128537,19.43480415524248],[-99.27674066721313,19.435519459661972],[-99.2762351492269,19.436222015290845],[-99.27538641418603,19.437953340599492]]]},"properties":{"ID":25329,"ENTIDAD":15,"DISTRITO_F":24,"DISTRITO_L":17,"MUNICIPIO":58,"SECCION":2651,"TIPO":2,"CONTROL":0,"GEOMETRY1_":""}},
{"type":"Feature","geometry":{"type":"Polygon","coordinates":[[[-99.27753191128537,19.43480415524248],[-99.27712348637081,19.434208603501737],[-99.27624255122197,19.432808830736565],[-99.27406881021821,19.433444090702835],[-99.2762351492269,19.436222015290845],[-99.27674066721313,19.435519459661972],[-99.27753191128537,19.43480415524248]]]},"properties":{"ID":25330,"ENTIDAD":15,"DISTRITO_F":24,"DISTRITO_L":17,"MUNICIPIO":58,"SECCION":2652,"TIPO":2,"CONTROL":0,"GEOMETRY1_":""}},
{"type":"Feature","geometry":{"type":"Polygon","coordinates":[[[-99.27406881021821,19.433444090702835],[-99.27262379778564,19.43365857500276],[-99.27538641418603,19.437953340599492],[-99.2762351492269,19.436222015290845],[-99.27406881021821,19.433444090702835]]]},"properties":{"ID":25331,"ENTIDAD":15,"DISTRITO_F":24,"DISTRITO_L":17,"MUNICIPIO":58,"SECCION":2653,"TIPO":2,"CONTROL":0,"GEOMETRY1_":""}},
{"type":"Feature","geometry":{"type":"Polygon","coordinates":[[[-99.27178203265005,19.433850649442835],[-99.27052689618797,19.43420158122938],[-99.27038764893791,19.434445149819513],[-99.27437848785213,19.438769575120332],[-99.27178203265005,19.433850649442835]]]},"properties":{"ID":25332,"ENTIDAD":15,"DISTRITO_F":24,"DISTRITO_L":17,"MUNICIPIO":58,"SECCION":2654,"TIPO":2,"CONTROL":0,"GEOMETRY1_":""}},
{"type":"Feature","geometry":{"type":"Polygon","coordinates":[[[-99.27197939322134,19.44042505487785],[-99.27368861693321,19.438719863222996],[-99.26940602751091,19.43553704916981],[-99.27082728394784,19.437238304534606],[-99.27197939322134,19.44042505487785]]]},"properties":{"ID":25333,"ENTIDAD":15,"DISTRITO_F":24,"DISTRITO_L":17,"MUNICIPIO":58,"SECCION":2655,"TIPO":2,"CONTROL":0,"GEOMETRY1_":""}},
{"type":"Feature","geometry":{"type":"Polygon","coordinates":[[[-99.2667585087203,19.440174639643146],[-99.27139485241254,19.43894513330248],[-99.27047237068311,19.437413718177414],[-99.26858083579155,19.438248274019053],[-99.26855489819623,19.43825121047358],[-99.2680912706854,19.43828792751414],[-99.26765922564974,19.438322144488968],[-99.26734402500874,19.438631063190147],[-99.2667585087203,19.440174639643146]]]},"properties":{"ID":25334,"ENTIDAD":15,"DISTRITO_F":24,"DISTRITO_L":17,"MUNICIPIO":58,"SECCION":2656,"TIPO":2,"CONTROL":0,"GEOMETRY1_":""}},
{"type":"Feature","geometry":{"type":"Polygon","coordinates":[[[-99.26704550808557,19.440732756098424],[-99.2667585087203,19.440174639643146],[-99.26734402500874,19.438631063190147],[-99.26765922564974,19.438322144488968],[-99.26465928758299,19.435153719626786],[-99.26426495445062,19.4355390138688],[-99.2639680318452,19.435536616621892],[-99.26353217883432,19.43541087471745],[-99.26350391647252,19.435951603112382],[-99.2639778226967,19.436797297726756],[-99.26417888233382,19.43720488497817],[-99.26470666243772,19.4382748975804],[-99.26481602596077,19.43830150074902],[-99.26526366803603,19.43901811887945],[-99.26585401811292,19.43985994063284],[-99.26704550808557,19.440732756098424]]]},"properties":{"ID":25335,"ENTIDAD":15,"DISTRITO_F":24,"DISTRITO_L":17,"MUNICIPIO":58,"SECCION":2657,"TIPO":2,"CONTROL":0,"GEOMETRY1_":""}},
{"type":"Feature","geometry":{"type":"Polygon","coordinates":[[[-99.26481602596077,19.43830150074902],[-99.26470666243709,19.438274897195704],[-99.26443252103245,19.43822454422854],[-99.26403256136784,19.438143291738655],[-99.26363290239348,19.437900232718455],[-99.26307493463659,19.43782614840054],[-99.26296926433001,19.438374098443937],[-99.26288198415982,19.43882668426764],[-99.26271896706375,19.43900705278874],[-99.262817047161,19.439425145865965],[-99.26320235565053,19.441411318498627],[-99.26535834697445,19.440608021751878],[-99.26526366803603,19.43901811887945],[-99.26481602596077,19.43830150074902]]]},"properties":{"ID":25336,"ENTIDAD":15,"DISTRITO_F":24,"DISTRITO_L":30,"MUNICIPIO":58,"SECCION":2658,"TIPO":2,"CONTROL":0,"GEOMETRY1_":""}},
{"type":"Feature","geometry":{"type":"Polygon","coordinates":[[[-99.26075472461748,19.44094102691756],[-99.26107836858321,19.44158031838318],[-99.26138639471284,19.442058556560017],[-99.2622690394028,19.440924000557157],[-99.26170601642679,19.440518795835057],[-99.26288717805734,19.43980977728326],[-99.26271896706437,19.43900705317328],[-99.26288198416043,19.43882668465231],[-99.26307493463722,19.43782614878527],[-99.26262999493879,19.437823104691205],[-99.26257294567114,19.437732093862877],[-99.26174319546045,19.43827581852759],[-99.26160659219794,19.438364781390895],[-99.26075472461748,19.44094102691756]]]},"properties":{"ID":25337,"ENTIDAD":15,"DISTRITO_F":24,"DISTRITO_L":30,"MUNICIPIO":58,"SECCION":2659,"TIPO":2,"CONTROL":0,"GEOMETRY1_":""}},
{"type":"Feature","geometry":{"type":"Polygon","coordinates":[[[-99.26331303847415,19.442097296511406],[-99.26320235565116,19.44141131888289],[-99.26288717805734,19.43980977728326],[-99.26170601642679,19.440518795835057],[-99.2622690394028,19.440924000557157],[-99.26138639471284,19.442058556560017],[-99.26331303847415,19.442097296511406]]]},"properties":{"ID":25338,"ENTIDAD":15,"DISTRITO_F":24,"DISTRITO_L":30,"MUNICIPIO":58,"SECCION":2660,"TIPO":2,"CONTROL":0,"GEOMETRY1_":""}},
{"type":"Feature","geometry":{"type":"Polygon","coordinates":[[[-99.26075472461748,19.44094102691756],[-99.26160659219794,19.438364781390895],[-99.2595466237288,19.439507277182308],[-99.25827879615213,19.440112062726936],[-99.25917239529717,19.44196653601131],[-99.26075472461748,19.44094102691756]]]},"properties":{"ID":25339,"ENTIDAD":15,"DISTRITO_F":24,"DISTRITO_L":30,"MUNICIPIO":58,"SECCION":2661,"TIPO":2,"CONTROL":0,"GEOMETRY1_":""}},
{"type":"Feature","geometry":{"type":"Polygon","coordinates":[[[-99.25334446004521,19.44203020903838],[-99.25219393843045,19.442790875098858],[-99.25760271465685,19.44246672792316],[-99.25864666160737,19.44244534121807],[-99.25917239529717,19.44196653601131],[-99.25827879615213,19.440112062726936],[-99.25635701236486,19.44055317771142],[-99.25334446004521,19.44203020903838]]]},"properties":{"ID":25340,"ENTIDAD":15,"DISTRITO_F":24,"DISTRITO_L":30,"MUNICIPIO":58,"SECCION":2662,"TIPO":2,"CONTROL":0,"GEOMETRY1_":""}},
{"type":"Feature","geometry":{"type":"Polygon","coordinates":[[[-99.25760271465685,19.44246672792316],[-99.25219393843045,19.442790875098858],[-99.25184630971688,19.442998398578663],[-99.25413993341482,19.443396123583575],[-99.25760271465685,19.44246672792316]]]},"properties":{"ID":25341,"ENTIDAD":15,"DISTRITO_F":24,"DISTRITO_L":30,"MUNICIPIO":58,"SECCION":2663,"TIPO":2,"CONTROL":0,"GEOMETRY1_":""}},
{"type":"Feature","geometry":{"type":"Polygon","coordinates":[[[-99.26340186212369,19.44378989161495],[-99.26361515597743,19.443697803490082],[-99.26352787276136,19.443204746188403],[-99.25864666160737,19.44244534121807],[-99.25760271465685,19.44246672792316],[-99.25413993341482,19.443396123583575],[-99.25425632033954,19.44402204951106],[-99.26058403451941,19.443588795775774],[-99.26340186212369,19.44378989161495]]]},"properties":{"ID":25342,"ENTIDAD":15,"DISTRITO_F":24,"DISTRITO_L":30,"MUNICIPIO":58,"SECCION":2664,"TIPO":2,"CONTROL":0,"GEOMETRY1_":""}},
{"type":"Feature","geometry":{"type":"Polygon","coordinates":[[[-99.25184630971688,19.442998398578663],[-99.24840387739211,19.4450333741651],[-99.25057263749044,19.44470173106019],[-99.25425632033954,19.44402204951106],[-99.25413993341482,19.443396123583575],[-99.25184630971688,19.442998398578663]]]},"properties":{"ID":25343,"ENTIDAD":15,"DISTRITO_F":24,"DISTRITO_L":30,"MUNICIPIO":58,"SECCION":2665,"TIPO":2,"CONTROL":0,"GEOMETRY1_":""}},
{"type":"Feature","geometry":{"type":"Polygon","coordinates":[[[-99.25334446004521,19.44203020903838],[-99.25251115418695,19.441031449864578],[-99.251415464634,19.44159241923709],[-99.24776447082861,19.444061265885185],[-99.24686481101587,19.444639469958883],[-99.24840387739211,19.4450333741651],[-99.25184630971688,19.442998398578663],[-99.25219393843045,19.442790875098858],[-99.25334446004521,19.44203020903838]]]},"properties":{"ID":25344,"ENTIDAD":15,"DISTRITO_F":24,"DISTRITO_L":30,"MUNICIPIO":58,"SECCION":2666,"TIPO":2,"CONTROL":0,"GEOMETRY1_":""}},
{"type":"Feature","geometry":{"type":"Polygon","coordinates":[[[-99.24591331407116,19.442933860768672],[-99.24726822021223,19.439269793734745],[-99.2458212644209,19.44111635668264],[-99.24591331407116,19.442933860768672]]]},"properties":{"ID":25345,"ENTIDAD":15,"DISTRITO_F":24,"DISTRITO_L":30,"MUNICIPIO":58,"SECCION":2668,"TIPO":2,"CONTROL":0,"GEOMETRY1_":""}},
{"type":"Feature","geometry":{"type":"Polygon","coordinates":[[[-99.251415464634,19.44159241923709],[-99.25251115418695,19.441031449864578],[-99.25379531225099,19.43977789002045],[-99.25380104968626,19.439725953716707],[-99.25386388662479,19.439157140293364],[-99.25387973666687,19.438657384645882],[-99.25388148313272,19.438474418808948],[-99.25390936520566,19.437453327475612],[-99.25386646326449,19.43715717017388],[-99.25381416790992,19.4367961674573],[-99.25296952605693,19.436525724064417],[-99.25058758443978,19.437198153924243],[-99.24981657803869,19.439553538127512],[-99.251415464634,19.44159241923709]]]},"properties":{"ID":25346,"ENTIDAD":15,"DISTRITO_F":24,"DISTRITO_L":17,"MUNICIPIO":58,"SECCION":2669,"TIPO":2,"CONTROL":0,"GEOMETRY1_":""}},
{"type":"Feature","geometry":{"type":"Polygon","coordinates":[[[-99.2591080282976,19.437065092611974],[-99.25795983368837,19.438453104770947],[-99.2554354559697,19.439604869995172],[-99.25635701236486,19.44055317771142],[-99.25827879615213,19.440112062726936],[-99.2595466237288,19.439507277182308],[-99.25933318371976,19.437449181445647],[-99.2591080282976,19.437065092611974]]]},"properties":{"ID":25347,"ENTIDAD":15,"DISTRITO_F":24,"DISTRITO_L":30,"MUNICIPIO":58,"SECCION":2670,"TIPO":2,"CONTROL":0,"GEOMETRY1_":""}},
{"type":"Feature","geometry":{"type":"Polygon","coordinates":[[[-99.2554354559697,19.439604869995172],[-99.2548199804161,19.43995373904242],[-99.25379531225099,19.43977789002045],[-99.25251115418695,19.441031449864578],[-99.25334446004521,19.44203020903838],[-99.25635701236486,19.44055317771142],[-99.2554354559697,19.439604869995172]]]},"properties":{"ID":25348,"ENTIDAD":15,"DISTRITO_F":24,"DISTRITO_L":30,"MUNICIPIO":58,"SECCION":2671,"TIPO":2,"CONTROL":0,"GEOMETRY1_":""}},
{"type":"Feature","geometry":{"type":"Polygon","coordinates":[[[-99.26174319546045,19.43827581852759],[-99.25933318371976,19.437449181445647],[-99.2595466237288,19.439507277182308],[-99.26160659219794,19.438364781390895],[-99.26174319546045,19.43827581852759]]]},"properties":{"ID":25349,"ENTIDAD":15,"DISTRITO_F":24,"DISTRITO_L":30,"MUNICIPIO":58,"SECCION":2672,"TIPO":2,"CONTROL":0,"GEOMETRY1_":""}},
{"type":"Feature","geometry":{"type":"Polygon","coordinates":[[[-99.26098088415492,19.434968219836023],[-99.2591080282976,19.437065092611974],[-99.25933318371976,19.437449181445647],[-99.26174319546045,19.43827581852759],[-99.26257294567114,19.437732093862877],[-99.26149451565709,19.43610240446019],[-99.26098088415492,19.434968219836023]]]},"properties":{"ID":25350,"ENTIDAD":15,"DISTRITO_F":24,"DISTRITO_L":17,"MUNICIPIO":58,"SECCION":2673,"TIPO":2,"CONTROL":0,"GEOMETRY1_":""}},
{"type":"Feature","geometry":{"type":"Polygon","coordinates":[[[-99.26353217883432,19.43541087471745],[-99.26149451565709,19.43610240446019],[-99.26257294567114,19.437732093862877],[-99.26262999493879,19.437823104691205],[-99.26307493463722,19.43782614878527],[-99.26363290239411,19.4379002331032],[-99.26403256136845,19.438143292123375],[-99.26443252103307,19.438224544613224],[-99.26470666243772,19.4382748975804],[-99.26417888233382,19.43720488497817],[-99.2639778226967,19.436797297726756],[-99.26350391647252,19.435951603112382],[-99.26353217883432,19.43541087471745]]]},"properties":{"ID":25351,"ENTIDAD":15,"DISTRITO_F":24,"DISTRITO_L":17,"MUNICIPIO":58,"SECCION":2674,"TIPO":2,"CONTROL":0,"GEOMETRY1_":""}},
{"type":"Feature","geometry":{"type":"Polygon","coordinates":[[[-99.26765922564974,19.438322144488968],[-99.2680912706854,19.43828792751414],[-99.26855489819687,19.43825121085831],[-99.26845100345507,19.43804732665519],[-99.26791600433808,19.437100230816235],[-99.26755001167753,19.43648040809103],[-99.26733278189776,19.43521722944896],[-99.26465928758299,19.435153719626786],[-99.26765922564974,19.438322144488968]]]},"properties":{"ID":25352,"ENTIDAD":15,"DISTRITO_F":24,"DISTRITO_L":17,"MUNICIPIO":58,"SECCION":2675,"TIPO":2,"CONTROL":0,"GEOMETRY1_":""}},
{"type":"Feature","geometry":{"type":"Polygon","coordinates":[[[-99.27082728394784,19.437238304534606],[-99.26940602751091,19.43553704916981],[-99.26910936332851,19.434992879164746],[-99.26733278189776,19.43521722944896],[-99.26755001167753,19.43648040809103],[-99.26791600433808,19.437100230816235],[-99.26845100345507,19.43804732665519],[-99.26855489819687,19.43825121085831],[-99.26858083579155,19.438248274019053],[-99.27047237068311,19.437413718177414],[-99.27082728394784,19.437238304534606]]]},"properties":{"ID":25353,"ENTIDAD":15,"DISTRITO_F":24,"DISTRITO_L":17,"MUNICIPIO":58,"SECCION":2676,"TIPO":2,"CONTROL":0,"GEOMETRY1_":""}},
{"type":"Feature","geometry":{"type":"Polygon","coordinates":[[[-99.27052689618797,19.43420158122938],[-99.27178203265005,19.433850649442835],[-99.27262379778564,19.43365857500276],[-99.27406881021821,19.433444090702835],[-99.27624255122197,19.432808830736565],[-99.27571355379922,19.432012686007507],[-99.27493914949362,19.43080624462947],[-99.27019170838126,19.432472670183852],[-99.27052689618797,19.43420158122938]]]},"properties":{"ID":25354,"ENTIDAD":15,"DISTRITO_F":24,"DISTRITO_L":17,"MUNICIPIO":58,"SECCION":2677,"TIPO":2,"CONTROL":0,"GEOMETRY1_":""}},
{"type":"Feature","geometry":{"type":"Polygon","coordinates":[[[-99.26811029719329,19.430746512297336],[-99.27019170838126,19.432472670183852],[-99.27493914949362,19.43080624462947],[-99.27391263506999,19.429202629765413],[-99.27186539261011,19.42733678582462],[-99.27100400082163,19.42798641449967],[-99.27063295642074,19.42828461592699],[-99.26811029719329,19.430746512297336]]]},"properties":{"ID":25355,"ENTIDAD":15,"DISTRITO_F":24,"DISTRITO_L":17,"MUNICIPIO":58,"SECCION":2678,"TIPO":2,"CONTROL":0,"GEOMETRY1_":""}},
{"type":"Feature","geometry":{"type":"Polygon","coordinates":[[[-99.26929347583952,19.43491866141718],[-99.27038764893791,19.434445149819513],[-99.27052689618797,19.43420158122938],[-99.27019170838126,19.432472670183852],[-99.26811029719329,19.430746512297336],[-99.26929347583952,19.43491866141718]]]},"properties":{"ID":25356,"ENTIDAD":15,"DISTRITO_F":24,"DISTRITO_L":17,"MUNICIPIO":58,"SECCION":2679,"TIPO":2,"CONTROL":0,"GEOMETRY1_":""}},
{"type":"Feature","geometry":{"type":"Polygon","coordinates":[[[-99.26149451565709,19.43610240446019],[-99.26353217883432,19.43541087471745],[-99.2639680318452,19.435536616621892],[-99.26426495445062,19.4355390138688],[-99.26465928758299,19.435153719626786],[-99.26733278189776,19.43521722944896],[-99.26910936332851,19.434992879164746],[-99.26929347583952,19.43491866141718],[-99.26811029719329,19.430746512297336],[-99.27063295642074,19.42828461592699],[-99.2705400255926,19.427771041811447],[-99.26715089396137,19.429099957363473],[-99.26402800979854,19.43255281604942],[-99.26380112413648,19.4326935641174],[-99.26098088415492,19.434968219836023],[-99.26149451565709,19.43610240446019]]]},"properties":{"ID":25357,"ENTIDAD":15,"DISTRITO_F":24,"DISTRITO_L":17,"MUNICIPIO":58,"SECCION":2680,"TIPO":2,"CONTROL":0,"GEOMETRY1_":""}},
{"type":"Feature","geometry":{"type":"Polygon","coordinates":[[[-99.25723860472019,19.438556669842615],[-99.26133987082235,19.434394463437144],[-99.26380112413648,19.4326935641174],[-99.26402800979854,19.43255281604942],[-99.26394836299848,19.431643543074465],[-99.26333509737512,19.43071237650077],[-99.26292641774336,19.430287856313473],[-99.26141599765975,19.429118614048853],[-99.25990331994763,19.428283432105495],[-99.25840522382809,19.429939891479098],[-99.25776169199456,19.430839026835088],[-99.25743617474339,19.432995403178367],[-99.2567985599812,19.43304159204513],[-99.25615298954057,19.43335387675023],[-99.25475117503024,19.43466975760749],[-99.2561199118582,19.435797202664876],[-99.25723860472019,19.438556669842615]]]},"properties":{"ID":25358,"ENTIDAD":15,"DISTRITO_F":24,"DISTRITO_L":17,"MUNICIPIO":58,"SECCION":2681,"TIPO":2,"CONTROL":0,"GEOMETRY1_":""}},
{"type":"Feature","geometry":{"type":"Polygon","coordinates":[[[-99.25475117503024,19.43466975760749],[-99.2537680326945,19.435701507474356],[-99.25374122053246,19.435970720314383],[-99.25374091555396,19.43607108052355],[-99.25375706882383,19.436230973843813],[-99.25381416790933,19.4367961670724],[-99.25390936520506,19.43745332709077],[-99.25389756910799,19.437850299783953],[-99.25388148313212,19.438474418424267],[-99.25387973666628,19.43865738426124],[-99.25386388662419,19.43915713990877],[-99.25379531225039,19.43977788963595],[-99.25432495599783,19.43966978459269],[-99.2548199804155,19.439953738657966],[-99.25658283535937,19.43858550412642],[-99.25723860472019,19.438556669842615],[-99.2561199118582,19.435797202664876],[-99.25475117503024,19.43466975760749]]]},"properties":{"ID":25359,"ENTIDAD":15,"DISTRITO_F":24,"DISTRITO_L":17,"MUNICIPIO":58,"SECCION":2682,"TIPO":2,"CONTROL":0,"GEOMETRY1_":""}},
{"type":"Feature","geometry":{"type":"Polygon","coordinates":[[[-99.24946391292113,19.440823353724685],[-99.24981657803869,19.439553538127512],[-99.25058758443978,19.437198153924243],[-99.24953264220173,19.43590423630534],[-99.24792777695717,19.434798093312555],[-99.24695131178048,19.43507666764818],[-99.2477909607833,19.43909385175893],[-99.24764640734936,19.439670073007285],[-99.24946391292113,19.440823353724685]]]},"properties":{"ID":25360,"ENTIDAD":15,"DISTRITO_F":24,"DISTRITO_L":17,"MUNICIPIO":58,"SECCION":2683,"TIPO":2,"CONTROL":0,"GEOMETRY1_":""}},
{"type":"Feature","geometry":{"type":"Polygon","coordinates":[[[-99.25058758443978,19.437198153924243],[-99.25139937236334,19.434950103418284],[-99.25069107690295,19.434251873015114],[-99.24968129904848,19.435138778968398],[-99.24953264220173,19.43590423630534],[-99.25058758443978,19.437198153924243]]]},"properties":{"ID":25361,"ENTIDAD":15,"DISTRITO_F":24,"DISTRITO_L":17,"MUNICIPIO":58,"SECCION":2684,"TIPO":2,"CONTROL":0,"GEOMETRY1_":""}},
{"type":"Feature","geometry":{"type":"Polygon","coordinates":[[[-99.25058758443978,19.437198153924243],[-99.25296952605693,19.436525724064417],[-99.25381416790992,19.4367961674573],[-99.25374091555456,19.436071080908526],[-99.25374122053306,19.435970720699423],[-99.25376803269509,19.435701507859406],[-99.25475117503083,19.434669757992644],[-99.25615298954118,19.433353877135584],[-99.25679855998182,19.43304159243055],[-99.25653588306827,19.43252916114129],[-99.25530449137047,19.432807025835547],[-99.25340586758578,19.435408089840745],[-99.25139937236334,19.434950103418284],[-99.25058758443978,19.437198153924243]]]},"properties":{"ID":25362,"ENTIDAD":15,"DISTRITO_F":24,"DISTRITO_L":17,"MUNICIPIO":58,"SECCION":2685,"TIPO":2,"CONTROL":0,"GEOMETRY1_":""}},
{"type":"Feature","geometry":{"type":"Polygon","coordinates":[[[-99.25139937236334,19.434950103418284],[-99.25340586758578,19.435408089840745],[-99.25530449137047,19.432807025835547],[-99.25653588306827,19.43252916114129],[-99.25679855998182,19.43304159243055],[-99.257436174744,19.432995403563787],[-99.25776169199517,19.430839027220763],[-99.25990331994824,19.42828343249155],[-99.25963613255713,19.428129540954433],[-99.25615071550484,19.426953698279675],[-99.2537205780898,19.427903635904368],[-99.25138674815113,19.428540939771306],[-99.25113448599392,19.428610258921413],[-99.25101713204691,19.428746231354758],[-99.25069107690295,19.434251873015114],[-99.25139937236334,19.434950103418284]]]},"properties":{"ID":25363,"ENTIDAD":15,"DISTRITO_F":24,"DISTRITO_L":17,"MUNICIPIO":58,"SECCION":2686,"TIPO":2,"CONTROL":0,"GEOMETRY1_":""}},
{"type":"Feature","geometry":{"type":"Polygon","coordinates":[[[-99.24968129904848,19.435138778968398],[-99.25069107690295,19.434251873015114],[-99.25101713204691,19.428746231354758],[-99.24821045027537,19.43103171263235],[-99.24968129904848,19.435138778968398]]]},"properties":{"ID":25364,"ENTIDAD":15,"DISTRITO_F":24,"DISTRITO_L":17,"MUNICIPIO":58,"SECCION":2687,"TIPO":2,"CONTROL":0,"GEOMETRY1_":""}},
{"type":"Feature","geometry":{"type":"Polygon","coordinates":[[[-99.24792777695717,19.434798093312555],[-99.24953264220173,19.43590423630534],[-99.24968129904848,19.435138778968398],[-99.24821045027537,19.43103171263235],[-99.24792777695717,19.434798093312555]]]},"properties":{"ID":25365,"ENTIDAD":15,"DISTRITO_F":24,"DISTRITO_L":17,"MUNICIPIO":58,"SECCION":2688,"TIPO":2,"CONTROL":0,"GEOMETRY1_":""}},
{"type":"Feature","geometry":{"type":"Polygon","coordinates":[[[-99.24695131178048,19.43507666764818],[-99.24792777695717,19.434798093312555],[-99.24821045027537,19.43103171263235],[-99.24798393023678,19.43081743232609],[-99.24674548780374,19.43223293036495],[-99.24695131178048,19.43507666764818]]]},"properties":{"ID":25366,"ENTIDAD":15,"DISTRITO_F":24,"DISTRITO_L":17,"MUNICIPIO":58,"SECCION":2689,"TIPO":2,"CONTROL":0,"GEOMETRY1_":""}},
{"type":"Feature","geometry":{"type":"Polygon","coordinates":[[[-99.2537205780898,19.427903635904368],[-99.25605665989251,19.426508706721815],[-99.25563876898995,19.424834818601667],[-99.2538334618481,19.42361257391983],[-99.25246116251662,19.422930779679543],[-99.25098609214993,19.42362697310036],[-99.24654625581475,19.424579898311695],[-99.24637144504028,19.42463083498994],[-99.2480795486915,19.428114033054637],[-99.25138674815113,19.428540939771306],[-99.2537205780898,19.427903635904368]]]},"properties":{"ID":25367,"ENTIDAD":15,"DISTRITO_F":24,"DISTRITO_L":17,"MUNICIPIO":58,"SECCION":2690,"TIPO":2,"CONTROL":0,"GEOMETRY1_":""}},
{"type":"Feature","geometry":{"type":"Polygon","coordinates":[[[-99.24821045027537,19.43103171263235],[-99.25101713204691,19.428746231354758],[-99.25113448599392,19.428610258921413],[-99.2480795486915,19.428114033054637],[-99.24514070208808,19.42794289805588],[-99.24412473521244,19.424746254849133],[-99.24385005116704,19.424795768871974],[-99.24408222911572,19.42848401039096],[-99.24528482678974,19.42923987223461],[-99.24798393023678,19.43081743232609],[-99.24821045027537,19.43103171263235]]]},"properties":{"ID":25368,"ENTIDAD":15,"DISTRITO_F":24,"DISTRITO_L":17,"MUNICIPIO":58,"SECCION":2691,"TIPO":2,"CONTROL":0,"GEOMETRY1_":""}},
{"type":"Feature","geometry":{"type":"Polygon","coordinates":[[[-99.24695131178048,19.43507666764818],[-99.24674548780374,19.43223293036495],[-99.24528482678974,19.42923987223461],[-99.23952818342876,19.430570166950382],[-99.23211123021994,19.436082261823813],[-99.23345328183777,19.43742665942702],[-99.23393995138859,19.439114022714513],[-99.23566170978516,19.443105169873526],[-99.23588763940074,19.44354803356415],[-99.23625257274075,19.44355519494388],[-99.23834030673902,19.44243927909291],[-99.24350489609488,19.441407476870364],[-99.24554024627228,19.438815220693925],[-99.2457726397781,19.438716484232096],[-99.24695131178048,19.43507666764818]]]},"properties":{"ID":25369,"ENTIDAD":15,"DISTRITO_F":24,"DISTRITO_L":17,"MUNICIPIO":58,"SECCION":2692,"TIPO":2,"CONTROL":0,"GEOMETRY1_":""}},
{"type":"Feature","geometry":{"type":"Polygon","coordinates":[[[-99.23048438455146,19.436776857327864],[-99.22835382693924,19.43307857426086],[-99.22748468910491,19.434896237561986],[-99.22710878322135,19.436057235749868],[-99.22965663213759,19.437313259272567],[-99.23048438455146,19.436776857327864]]]},"properties":{"ID":25370,"ENTIDAD":15,"DISTRITO_F":24,"DISTRITO_L":17,"MUNICIPIO":58,"SECCION":2693,"TIPO":2,"CONTROL":0,"GEOMETRY1_":""}},
{"type":"Feature","geometry":{"type":"Polygon","coordinates":[[[-99.23048438455146,19.436776857327864],[-99.23208512622206,19.43566602159168],[-99.22955080371341,19.431514856814644],[-99.22835382693924,19.43307857426086],[-99.23048438455146,19.436776857327864]]]},"properties":{"ID":25371,"ENTIDAD":15,"DISTRITO_F":24,"DISTRITO_L":17,"MUNICIPIO":58,"SECCION":2694,"TIPO":2,"CONTROL":0,"GEOMETRY1_":""}},
{"type":"Feature","geometry":{"type":"Polygon","coordinates":[[[-99.23208512622206,19.43566602159168],[-99.23952818342876,19.430570166950382],[-99.23771632576245,19.42723305747153],[-99.23351221958825,19.429047701480876],[-99.22955080371341,19.431514856814644],[-99.23208512622206,19.43566602159168]]]},"properties":{"ID":25372,"ENTIDAD":15,"DISTRITO_F":24,"DISTRITO_L":17,"MUNICIPIO":58,"SECCION":2695,"TIPO":2,"CONTROL":0,"GEOMETRY1_":""}},
{"type":"Feature","geometry":{"type":"Polygon","coordinates":[[[-99.23952818342876,19.430570166950382],[-99.24408222911572,19.42848401039096],[-99.24385005116704,19.424795768871974],[-99.24304586453009,19.422867511509146],[-99.24126691039802,19.42326629816765],[-99.23771632576245,19.42723305747153],[-99.23952818342876,19.430570166950382]]]},"properties":{"ID":25373,"ENTIDAD":15,"DISTRITO_F":24,"DISTRITO_L":17,"MUNICIPIO":58,"SECCION":2696,"TIPO":2,"CONTROL":0,"GEOMETRY1_":""}},
{"type":"Feature","geometry":{"type":"Polygon","coordinates":[[[-99.24412473521244,19.424746254849133],[-99.24514070208808,19.42794289805588],[-99.2480795486915,19.428114033054637],[-99.24637144504028,19.42463083498994],[-99.24634337598488,19.424639013596934],[-99.24412473521244,19.424746254849133]]]},"properties":{"ID":25374,"ENTIDAD":15,"DISTRITO_F":24,"DISTRITO_L":17,"MUNICIPIO":58,"SECCION":2697,"TIPO":2,"CONTROL":0,"GEOMETRY1_":""}},
{"type":"Feature","geometry":{"type":"Polygon","coordinates":[[[-99.23468940416511,19.42709646146414],[-99.23351221958825,19.429047701480876],[-99.23771632576245,19.42723305747153],[-99.24126691039802,19.42326629816765],[-99.24474312591174,19.419654384782113],[-99.2418431514558,19.416367015500903],[-99.24175365558365,19.416243286326615],[-99.24034067179294,19.41714861548361],[-99.24059938770306,19.41747658079732],[-99.23816342731254,19.42223535331929],[-99.23819820068606,19.424832368015085],[-99.23468940416511,19.42709646146414]]]},"properties":{"ID":25375,"ENTIDAD":15,"DISTRITO_F":24,"DISTRITO_L":17,"MUNICIPIO":58,"SECCION":2698,"TIPO":2,"CONTROL":0,"GEOMETRY1_":""}},
{"type":"Feature","geometry":{"type":"Polygon","coordinates":[[[-99.22748468910491,19.434896237561986],[-99.22835382693924,19.43307857426086],[-99.22955080371341,19.431514856814644],[-99.23351221958825,19.429047701480876],[-99.23468940416511,19.42709646146414],[-99.23370973331048,19.423654840143794],[-99.22867691550687,19.428239631043024],[-99.22607468511542,19.43394997847301],[-99.22748468910491,19.434896237561986]]]},"properties":{"ID":25376,"ENTIDAD":15,"DISTRITO_F":24,"DISTRITO_L":17,"MUNICIPIO":58,"SECCION":2699,"TIPO":2,"CONTROL":0,"GEOMETRY1_":""}},
{"type":"Feature","geometry":{"type":"Polygon","coordinates":[[[-99.22530616568376,19.427341755218364],[-99.2244981150129,19.427080047727447],[-99.22297360925141,19.428708146137282],[-99.22327818149823,19.429753572248238],[-99.2208166819025,19.431239788308073],[-99.22275470855774,19.43390081283445],[-99.22291997194517,19.433832632960392],[-99.22710878322135,19.436057235749868],[-99.22748468910491,19.434896237561986],[-99.22607468511542,19.43394997847301],[-99.22867691550687,19.428239631043024],[-99.22902328529241,19.426146376872133],[-99.22744919074998,19.42702057589891],[-99.22530616568376,19.427341755218364]]]},"properties":{"ID":25377,"ENTIDAD":15,"DISTRITO_F":24,"DISTRITO_L":17,"MUNICIPIO":58,"SECCION":2700,"TIPO":2,"CONTROL":0,"GEOMETRY1_":""}},
{"type":"Feature","geometry":{"type":"Polygon","coordinates":[[[-99.22902328529241,19.426146376872133],[-99.22867691550687,19.428239631043024],[-99.23370973331048,19.423654840143794],[-99.23308823372837,19.422320554786303],[-99.22902328529241,19.426146376872133]]]},"properties":{"ID":25378,"ENTIDAD":15,"DISTRITO_F":24,"DISTRITO_L":17,"MUNICIPIO":58,"SECCION":2701,"TIPO":2,"CONTROL":0,"GEOMETRY1_":""}},
{"type":"Feature","geometry":{"type":"Polygon","coordinates":[[[-99.23468940416511,19.42709646146414],[-99.23819820068606,19.424832368015085],[-99.23816342731254,19.42223535331929],[-99.24059938770306,19.41747658079732],[-99.23308823372837,19.422320554786303],[-99.23370973331048,19.423654840143794],[-99.23468940416511,19.42709646146414]]]},"properties":{"ID":25379,"ENTIDAD":15,"DISTRITO_F":24,"DISTRITO_L":17,"MUNICIPIO":58,"SECCION":2702,"TIPO":2,"CONTROL":0,"GEOMETRY1_":""}},
{"type":"Feature","geometry":{"type":"Polygon","coordinates":[[[-99.23397319168934,19.417536687792293],[-99.24034067179294,19.41714861548361],[-99.24175365558365,19.416243286326615],[-99.23803613608747,19.412089766908515],[-99.23515969178708,19.415681685874375],[-99.23455091410216,19.416133283845475],[-99.23400955387625,19.416780797694607],[-99.23342700493629,19.417521465106233],[-99.23397319168934,19.417536687792293]]]},"properties":{"ID":25380,"ENTIDAD":15,"DISTRITO_F":24,"DISTRITO_L":17,"MUNICIPIO":58,"SECCION":2703,"TIPO":2,"CONTROL":0,"GEOMETRY1_":""}},
{"type":"Feature","geometry":{"type":"Polygon","coordinates":[[[-99.23308823372837,19.422320554786303],[-99.24059938770306,19.41747658079732],[-99.24034067179294,19.41714861548361],[-99.23397319168934,19.417536687792293],[-99.23163902415807,19.421371571434577],[-99.23308823372837,19.422320554786303]]]},"properties":{"ID":25381,"ENTIDAD":15,"DISTRITO_F":24,"DISTRITO_L":17,"MUNICIPIO":58,"SECCION":2704,"TIPO":2,"CONTROL":0,"GEOMETRY1_":""}},
{"type":"Feature","geometry":{"type":"Polygon","coordinates":[[[-99.22744919074998,19.42702057589891],[-99.22902328529241,19.426146376872133],[-99.23308823372837,19.422320554786303],[-99.23163902415807,19.421371571434577],[-99.22744919074998,19.42702057589891]]]},"properties":{"ID":25382,"ENTIDAD":15,"DISTRITO_F":24,"DISTRITO_L":17,"MUNICIPIO":58,"SECCION":2705,"TIPO":2,"CONTROL":0,"GEOMETRY1_":""}},
{"type":"Feature","geometry":{"type":"Polygon","coordinates":[[[-99.23342686692344,19.417544196893964],[-99.23215987716813,19.419904546371193],[-99.2316747936797,19.420189372571457],[-99.2315203367355,19.42053257773564],[-99.23117991942739,19.42085641909018],[-99.23088104052275,19.421337010751248],[-99.22984882601942,19.42186753266046],[-99.22823962196414,19.42345720001723],[-99.22779548491788,19.42348715837185],[-99.22530616568376,19.427341755218364],[-99.22744919074998,19.42702057589891],[-99.23163902415807,19.421371571434577],[-99.23397319168934,19.417536687792293],[-99.23342700493629,19.417521465106233],[-99.23342686692344,19.417544196893964]]]},"properties":{"ID":25383,"ENTIDAD":15,"DISTRITO_F":24,"DISTRITO_L":17,"MUNICIPIO":58,"SECCION":2706,"TIPO":2,"CONTROL":0,"GEOMETRY1_":""}},
{"type":"Feature","geometry":{"type":"Polygon","coordinates":[[[-99.23277963816129,19.45640958383259],[-99.23365483300076,19.455532219844077],[-99.23464306254542,19.45443160227341],[-99.23683783318826,19.45287639211421],[-99.23702773810109,19.45259117531916],[-99.23683087166032,19.452533736955232],[-99.23324399143404,19.451238538340466],[-99.23300896367275,19.45201603342004],[-99.23277963816129,19.45640958383259]]]},"properties":{"ID":25384,"ENTIDAD":15,"DISTRITO_F":24,"DISTRITO_L":30,"MUNICIPIO":58,"SECCION":2707,"TIPO":2,"CONTROL":0,"GEOMETRY1_":""}},
{"type":"Feature","geometry":{"type":"Polygon","coordinates":[[[-99.23024715895517,19.457303793093313],[-99.23300896367275,19.45201603342004],[-99.23324399143404,19.451238538340466],[-99.23285006601019,19.450984505256464],[-99.23217172725768,19.45200438009394],[-99.23024715895517,19.457303793093313]]]},"properties":{"ID":25385,"ENTIDAD":15,"DISTRITO_F":24,"DISTRITO_L":30,"MUNICIPIO":58,"SECCION":2708,"TIPO":2,"CONTROL":0,"GEOMETRY1_":""}},
{"type":"Feature","geometry":{"type":"Polygon","coordinates":[[[-99.22869349506422,19.459270090329724],[-99.23024715895517,19.457303793093313],[-99.23217172725768,19.45200438009394],[-99.2313256987343,19.452035210540448],[-99.22911792470943,19.453209688516875],[-99.22724428591545,19.454053722108487],[-99.22606195201892,19.458046373847722],[-99.22644025604028,19.45879142418782],[-99.22869349506422,19.459270090329724]]]},"properties":{"ID":25386,"ENTIDAD":15,"DISTRITO_F":24,"DISTRITO_L":30,"MUNICIPIO":58,"SECCION":2709,"TIPO":2,"CONTROL":0,"GEOMETRY1_":""}},
{"type":"Feature","geometry":{"type":"Polygon","coordinates":[[[-99.22869349506422,19.459270090329724],[-99.22973199190459,19.459159835021687],[-99.23065384020562,19.458947493143267],[-99.23277963816129,19.45640958383259],[-99.23300896367275,19.45201603342004],[-99.23024715895517,19.457303793093313],[-99.22869349506422,19.459270090329724]]]},"properties":{"ID":25387,"ENTIDAD":15,"DISTRITO_F":24,"DISTRITO_L":30,"MUNICIPIO":58,"SECCION":2711,"TIPO":2,"CONTROL":0,"GEOMETRY1_":""}},
{"type":"Feature","geometry":{"type":"Polygon","coordinates":[[[-99.22795467883986,19.472398870732096],[-99.23199351170541,19.47086034507507],[-99.23204770381325,19.470367398743278],[-99.22985602480124,19.469066991067894],[-99.2319246601426,19.46871762266494],[-99.23324764049123,19.465893516975836],[-99.23045787815302,19.46553301528766],[-99.23265275113458,19.45954811917806],[-99.23070026070546,19.459320211563533],[-99.22811885546817,19.462393001407683],[-99.22496935308537,19.4619605830724],[-99.22437853473072,19.465453338126455],[-99.22499193939426,19.466613875266297],[-99.22795467883986,19.472398870732096]]]},"properties":{"ID":25534,"ENTIDAD":15,"DISTRITO_F":24,"DISTRITO_L":30,"MUNICIPIO":58,"SECCION":2869,"TIPO":2,"CONTROL":0,"GEOMETRY1_":""}},
{"type":"Feature","geometry":{"type":"Polygon","coordinates":[[[-99.23204770381325,19.470367398743278],[-99.23206924092837,19.470128641347703],[-99.22985602480124,19.469066991067894],[-99.23204770381325,19.470367398743278]]]},"properties":{"ID":25535,"ENTIDAD":15,"DISTRITO_F":24,"DISTRITO_L":30,"MUNICIPIO":58,"SECCION":2870,"TIPO":2,"CONTROL":0,"GEOMETRY1_":""}},
{"type":"Feature","geometry":{"type":"Polygon","coordinates":[[[-99.23206924092837,19.470128641347703],[-99.2319246601426,19.46871762266494],[-99.22985602480124,19.469066991067894],[-99.23206924092837,19.470128641347703]]]},"properties":{"ID":25536,"ENTIDAD":15,"DISTRITO_F":24,"DISTRITO_L":30,"MUNICIPIO":58,"SECCION":2871,"TIPO":2,"CONTROL":0,"GEOMETRY1_":""}},
{"type":"Feature","geometry":{"type":"Polygon","coordinates":[[[-99.23324764049123,19.465893516975836],[-99.2333881607847,19.464461327809573],[-99.23629280414086,19.460858473488674],[-99.23624998615438,19.45972026632387],[-99.23265275113458,19.45954811917806],[-99.23045787815302,19.46553301528766],[-99.23324764049123,19.465893516975836]]]},"properties":{"ID":25537,"ENTIDAD":15,"DISTRITO_F":24,"DISTRITO_L":30,"MUNICIPIO":58,"SECCION":2872,"TIPO":2,"CONTROL":0,"GEOMETRY1_":""}},
{"type":"Feature","geometry":{"type":"Polygon","coordinates":[[[-99.22811885546817,19.462393001407683],[-99.23070026070546,19.459320211563533],[-99.22973199190459,19.459159835021687],[-99.22869349506422,19.459270090329724],[-99.22644025604028,19.45879142418782],[-99.22630658834116,19.45963420567842],[-99.22811885546817,19.462393001407683]]]},"properties":{"ID":25538,"ENTIDAD":15,"DISTRITO_F":24,"DISTRITO_L":30,"MUNICIPIO":58,"SECCION":2873,"TIPO":2,"CONTROL":0,"GEOMETRY1_":""}},
{"type":"Feature","geometry":{"type":"Polygon","coordinates":[[[-99.22496935308537,19.4619605830724],[-99.22811885546817,19.462393001407683],[-99.22630658834116,19.45963420567842],[-99.22453978193734,19.461047029359143],[-99.22496935308537,19.4619605830724]]]},"properties":{"ID":25539,"ENTIDAD":15,"DISTRITO_F":24,"DISTRITO_L":30,"MUNICIPIO":58,"SECCION":2874,"TIPO":2,"CONTROL":0,"GEOMETRY1_":""}},
{"type":"Feature","geometry":{"type":"Polygon","coordinates":[[[-99.22437853473072,19.465453338126455],[-99.22496935308537,19.4619605830724],[-99.22453978193734,19.461047029359143],[-99.22402827155406,19.461107848871226],[-99.22273675524622,19.462294586851115],[-99.22437853473072,19.465453338126455]]]},"properties":{"ID":25540,"ENTIDAD":15,"DISTRITO_F":24,"DISTRITO_L":30,"MUNICIPIO":58,"SECCION":2875,"TIPO":2,"CONTROL":0,"GEOMETRY1_":""}},
{"type":"Feature","geometry":{"type":"Polygon","coordinates":[[[-99.22273675524622,19.462294586851115],[-99.22402827155406,19.461107848871226],[-99.2228686995253,19.459977014537763],[-99.22276546513099,19.459886861254557],[-99.22156001992387,19.45994721070576],[-99.22273675524622,19.462294586851115]]]},"properties":{"ID":25541,"ENTIDAD":15,"DISTRITO_F":24,"DISTRITO_L":30,"MUNICIPIO":58,"SECCION":2876,"TIPO":2,"CONTROL":0,"GEOMETRY1_":""}},
{"type":"Feature","geometry":{"type":"Polygon","coordinates":[[[-99.22453978193734,19.461047029359143],[-99.22630658834116,19.45963420567842],[-99.2228686995253,19.459977014537763],[-99.22402827155406,19.461107848871226],[-99.22453978193734,19.461047029359143]]]},"properties":{"ID":25542,"ENTIDAD":15,"DISTRITO_F":24,"DISTRITO_L":30,"MUNICIPIO":58,"SECCION":2877,"TIPO":2,"CONTROL":0,"GEOMETRY1_":""}},
{"type":"Feature","geometry":{"type":"Polygon","coordinates":[[[-99.2333881607847,19.464461327809573],[-99.23626481554001,19.46172534330373],[-99.23629280414086,19.460858473488674],[-99.2333881607847,19.464461327809573]]]},"properties":{"ID":25543,"ENTIDAD":15,"DISTRITO_F":24,"DISTRITO_L":30,"MUNICIPIO":58,"SECCION":2878,"TIPO":2,"CONTROL":0,"GEOMETRY1_":""}},
{"type":"Feature","geometry":{"type":"Polygon","coordinates":[[[-99.23626481554001,19.46172534330373],[-99.23683625816471,19.460018669684153],[-99.23583638987365,19.45892333063665],[-99.23624998615438,19.45972026632387],[-99.23629280414086,19.460858473488674],[-99.23626481554001,19.46172534330373]]]},"properties":{"ID":25544,"ENTIDAD":15,"DISTRITO_F":24,"DISTRITO_L":30,"MUNICIPIO":58,"SECCION":2879,"TIPO":2,"CONTROL":0,"GEOMETRY1_":""}},
{"type":"Feature","geometry":{"type":"Polygon","coordinates":[[[-99.23265275113458,19.45954811917806],[-99.23624998615438,19.45972026632387],[-99.23583638987365,19.45892333063665],[-99.23524895498215,19.458578020019186],[-99.2342570546358,19.45795000007576],[-99.23065384020562,19.458947493143267],[-99.22973199190459,19.459159835021687],[-99.23070026070546,19.459320211563533],[-99.23265275113458,19.45954811917806]]]},"properties":{"ID":25545,"ENTIDAD":15,"DISTRITO_F":24,"DISTRITO_L":30,"MUNICIPIO":58,"SECCION":2880,"TIPO":2,"CONTROL":0,"GEOMETRY1_":""}},
{"type":"Feature","geometry":{"type":"Polygon","coordinates":[[[-99.2228686995253,19.459977014537763],[-99.22630658834116,19.45963420567842],[-99.22644025604028,19.45879142418782],[-99.22514008284207,19.458511858151883],[-99.22273775729256,19.459199449559623],[-99.22276546513099,19.459886861254557],[-99.2228686995253,19.459977014537763]]]},"properties":{"ID":25546,"ENTIDAD":15,"DISTRITO_F":24,"DISTRITO_L":30,"MUNICIPIO":58,"SECCION":2881,"TIPO":2,"CONTROL":0,"GEOMETRY1_":""}},
{"type":"Feature","geometry":{"type":"Polygon","coordinates":[[[-99.22156001992387,19.45994721070576],[-99.22276546513099,19.459886861254557],[-99.22273775729256,19.459199449559623],[-99.22271137315424,19.458029544239473],[-99.22514008284207,19.458511858151883],[-99.22644025604028,19.45879142418782],[-99.22606195201892,19.458046373847722],[-99.22526536257011,19.457239878387142],[-99.22462330722266,19.456437644262003],[-99.22346601364931,19.455857067587058],[-99.22193746359481,19.457671198513214],[-99.22097848081958,19.457318461554173],[-99.22039868772741,19.456702878804546],[-99.2200760226246,19.45676670702575],[-99.220910240284,19.45856282315335],[-99.22156001992387,19.45994721070576]]]},"properties":{"ID":25547,"ENTIDAD":15,"DISTRITO_F":24,"DISTRITO_L":30,"MUNICIPIO":58,"SECCION":2882,"TIPO":2,"CONTROL":0,"GEOMETRY1_":""}},
{"type":"Feature","geometry":{"type":"Polygon","coordinates":[[[-99.22273775729256,19.459199449559623],[-99.22514008284207,19.458511858151883],[-99.22271137315424,19.458029544239473],[-99.22273775729256,19.459199449559623]]]},"properties":{"ID":25548,"ENTIDAD":15,"DISTRITO_F":24,"DISTRITO_L":30,"MUNICIPIO":58,"SECCION":2883,"TIPO":2,"CONTROL":0,"GEOMETRY1_":""}},
{"type":"Feature","geometry":{"type":"Polygon","coordinates":[[[-99.23683625816471,19.460018669684153],[-99.23796442771909,19.45962862115227],[-99.2377838008839,19.45837517358433],[-99.23762384504721,19.457615148018277],[-99.23648676203554,19.457065283771005],[-99.23540960993884,19.458369848797883],[-99.23524895498215,19.458578020019186],[-99.23583638987365,19.45892333063665],[-99.23683625816471,19.460018669684153]]]},"properties":{"ID":25549,"ENTIDAD":15,"DISTRITO_F":24,"DISTRITO_L":30,"MUNICIPIO":58,"SECCION":2884,"TIPO":2,"CONTROL":0,"GEOMETRY1_":""}},
{"type":"Feature","geometry":{"type":"Polygon","coordinates":[[[-99.23648676203554,19.457065283771005],[-99.23762384504721,19.457615148018277],[-99.23793795023067,19.45483415582726],[-99.23770081191205,19.455014999141333],[-99.23765311634834,19.455051375434046],[-99.23648676203554,19.457065283771005]]]},"properties":{"ID":25550,"ENTIDAD":15,"DISTRITO_F":24,"DISTRITO_L":30,"MUNICIPIO":58,"SECCION":2885,"TIPO":2,"CONTROL":0,"GEOMETRY1_":""}},
{"type":"Feature","geometry":{"type":"Polygon","coordinates":[[[-99.21987536845776,19.45258145531022],[-99.22039868772741,19.456702878804546],[-99.22097848081958,19.457318461554173],[-99.22193746359481,19.457671198513214],[-99.22346601364931,19.455857067587058],[-99.22462330722266,19.456437644262003],[-99.22526536257011,19.457239878387142],[-99.22606195201892,19.458046373847722],[-99.22724428591545,19.454053722108487],[-99.22911792470943,19.453209688516875],[-99.2313256987343,19.452035210540448],[-99.23226311900746,19.450857139711403],[-99.23194381251837,19.447720775970236],[-99.23588763940074,19.44354803356415],[-99.23566170978516,19.443105169873526],[-99.23505731833369,19.44333954036213],[-99.23267551197931,19.443987443489892],[-99.23074364135967,19.44404421234257],[-99.22599546694458,19.44620868336981],[-99.22523873000554,19.447472140048692],[-99.2243527426483,19.448416730681746],[-99.21998023593272,19.452536639839554],[-99.21987536845776,19.45258145531022]]]},"properties":{"ID":25551,"ENTIDAD":15,"DISTRITO_F":24,"DISTRITO_L":30,"MUNICIPIO":58,"SECCION":2886,"TIPO":2,"CONTROL":0,"GEOMETRY1_":""}},
{"type":"Feature","geometry":{"type":"Polygon","coordinates":[[[-99.26530028482256,19.46617651410813],[-99.2666743224434,19.46611068327599],[-99.26891251565077,19.464947163987688],[-99.26726187548873,19.464530391280118],[-99.26602000822973,19.464632900111635],[-99.26530028482256,19.46617651410813]]]},"properties":{"ID":25565,"ENTIDAD":15,"DISTRITO_F":24,"DISTRITO_L":30,"MUNICIPIO":58,"SECCION":2900,"TIPO":2,"CONTROL":0,"GEOMETRY1_":""}},
{"type":"Feature","geometry":{"type":"Polygon","coordinates":[[[-99.26220140747492,19.4665145217134],[-99.26530028482256,19.46617651410813],[-99.26602000822973,19.464632900111635],[-99.26220140747492,19.4665145217134]]]},"properties":{"ID":25566,"ENTIDAD":15,"DISTRITO_F":24,"DISTRITO_L":30,"MUNICIPIO":58,"SECCION":2901,"TIPO":2,"CONTROL":0,"GEOMETRY1_":""}},
{"type":"Feature","geometry":{"type":"Polygon","coordinates":[[[-99.25825925945256,19.467123205518813],[-99.26220140747492,19.4665145217134],[-99.26602000822973,19.464632900111635],[-99.26726187548873,19.464530391280118],[-99.26645396460033,19.463905919928553],[-99.26179183867238,19.4653964394186],[-99.2607305992845,19.465758342218695],[-99.25827897434641,19.4669677217267],[-99.25825925945256,19.467123205518813]]]},"properties":{"ID":25567,"ENTIDAD":15,"DISTRITO_F":24,"DISTRITO_L":30,"MUNICIPIO":58,"SECCION":2902,"TIPO":2,"CONTROL":0,"GEOMETRY1_":""}},
{"type":"Feature","geometry":{"type":"Polygon","coordinates":[[[-99.26179183867238,19.4653964394186],[-99.26014229294559,19.464026247662225],[-99.25856241192947,19.465386830867036],[-99.25898122663382,19.46604817203836],[-99.2607305992845,19.465758342218695],[-99.26179183867238,19.4653964394186]]]},"properties":{"ID":25568,"ENTIDAD":15,"DISTRITO_F":24,"DISTRITO_L":30,"MUNICIPIO":58,"SECCION":2903,"TIPO":2,"CONTROL":0,"GEOMETRY1_":""}},
{"type":"Feature","geometry":{"type":"Polygon","coordinates":[[[-99.25827897434641,19.4669677217267],[-99.2607305992845,19.465758342218695],[-99.25898122663382,19.46604817203836],[-99.257489860496,19.466012867125034],[-99.2550450611196,19.46578407839545],[-99.2548170510859,19.466419048302015],[-99.25665114007607,19.466559340500684],[-99.25827897434641,19.4669677217267]]]},"properties":{"ID":25569,"ENTIDAD":15,"DISTRITO_F":24,"DISTRITO_L":30,"MUNICIPIO":58,"SECCION":2904,"TIPO":2,"CONTROL":0,"GEOMETRY1_":""}},
{"type":"Feature","geometry":{"type":"Polygon","coordinates":[[[-99.25872328297181,19.46336511589399],[-99.25856241192947,19.465386830867036],[-99.26014229294559,19.464026247662225],[-99.26267065386129,19.461751289739603],[-99.26280791080505,19.461514125512135],[-99.26072606021393,19.46174625897382],[-99.25872328297181,19.46336511589399]]]},"properties":{"ID":25570,"ENTIDAD":15,"DISTRITO_F":24,"DISTRITO_L":30,"MUNICIPIO":58,"SECCION":2905,"TIPO":2,"CONTROL":0,"GEOMETRY1_":""}},
{"type":"Feature","geometry":{"type":"Polygon","coordinates":[[[-99.26645396460033,19.463905919928553],[-99.26491213579912,19.463387618112666],[-99.26328503743991,19.462140469870963],[-99.26267065386129,19.461751289739603],[-99.26014229294559,19.464026247662225],[-99.26179183867238,19.4653964394186],[-99.26645396460033,19.463905919928553]]]},"properties":{"ID":25571,"ENTIDAD":15,"DISTRITO_F":24,"DISTRITO_L":30,"MUNICIPIO":58,"SECCION":2906,"TIPO":2,"CONTROL":0,"GEOMETRY1_":""}},
{"type":"Feature","geometry":{"type":"Polygon","coordinates":[[[-99.26891251565077,19.464947163987688],[-99.26991603439771,19.463536607728734],[-99.26964548899365,19.46191290135776],[-99.26491213579912,19.463387618112666],[-99.26645396460033,19.463905919928553],[-99.26726187548873,19.464530391280118],[-99.26891251565077,19.464947163987688]]]},"properties":{"ID":25572,"ENTIDAD":15,"DISTRITO_F":24,"DISTRITO_L":30,"MUNICIPIO":58,"SECCION":2907,"TIPO":2,"CONTROL":0,"GEOMETRY1_":""}},
{"type":"Feature","geometry":{"type":"Polygon","coordinates":[[[-99.27546567651363,19.463861660059685],[-99.27684769611203,19.46289090559538],[-99.2782858572552,19.460708370781113],[-99.27807556199393,19.459283855991472],[-99.27606501245134,19.460251498775296],[-99.27410768302094,19.462626438902653],[-99.27498261912004,19.46360505630638],[-99.27546567651363,19.463861660059685]]]},"properties":{"ID":25578,"ENTIDAD":15,"DISTRITO_F":24,"DISTRITO_L":30,"MUNICIPIO":58,"SECCION":2913,"TIPO":2,"CONTROL":0,"GEOMETRY1_":""}},
{"type":"Feature","geometry":{"type":"Polygon","coordinates":[[[-99.27498261912004,19.46360505630638],[-99.27410768302094,19.462626438902653],[-99.27278355987045,19.461742044403675],[-99.26964418006405,19.46069772976642],[-99.26964548899365,19.46191290135776],[-99.26991603439771,19.463536607728734],[-99.27257509753471,19.46320725261984],[-99.27498261912004,19.46360505630638]]]},"properties":{"ID":25579,"ENTIDAD":15,"DISTRITO_F":24,"DISTRITO_L":30,"MUNICIPIO":58,"SECCION":2914,"TIPO":2,"CONTROL":0,"GEOMETRY1_":""}},
{"type":"Feature","geometry":{"type":"Polygon","coordinates":[[[-99.26491213579912,19.463387618112666],[-99.26964548899365,19.46191290135776],[-99.26964418006405,19.46069772976642],[-99.26891206322877,19.459020100760867],[-99.26833495854726,19.458029660735622],[-99.26653763374593,19.46084852348577],[-99.26328503743991,19.462140469870963],[-99.26491213579912,19.463387618112666]]]},"properties":{"ID":25580,"ENTIDAD":15,"DISTRITO_F":24,"DISTRITO_L":30,"MUNICIPIO":58,"SECCION":2915,"TIPO":2,"CONTROL":0,"GEOMETRY1_":""}},
{"type":"Feature","geometry":{"type":"Polygon","coordinates":[[[-99.26072606021393,19.46174625897382],[-99.26280791080505,19.461514125512135],[-99.26302519946744,19.461133660626142],[-99.26049095936177,19.458706315525944],[-99.25934211946874,19.459629753567555],[-99.25924093889796,19.460676944507096],[-99.26072606021393,19.46174625897382]]]},"properties":{"ID":25581,"ENTIDAD":15,"DISTRITO_F":24,"DISTRITO_L":30,"MUNICIPIO":58,"SECCION":2916,"TIPO":2,"CONTROL":0,"GEOMETRY1_":""}},
{"type":"Feature","geometry":{"type":"Polygon","coordinates":[[[-99.25872328297181,19.46336511589399],[-99.26072606021393,19.46174625897382],[-99.25924093889796,19.460676944507096],[-99.25764511831696,19.461203588307846],[-99.25872328297181,19.46336511589399]]]},"properties":{"ID":25582,"ENTIDAD":15,"DISTRITO_F":24,"DISTRITO_L":30,"MUNICIPIO":58,"SECCION":2917,"TIPO":2,"CONTROL":0,"GEOMETRY1_":""}},
{"type":"Feature","geometry":{"type":"Polygon","coordinates":[[[-99.25764511831696,19.461203588307846],[-99.25924093889796,19.460676944507096],[-99.25934211946874,19.459629753567555],[-99.25871659147126,19.458029334925463],[-99.25793117101247,19.458757286268845],[-99.25756625153979,19.460942706153592],[-99.25764511831696,19.461203588307846]]]},"properties":{"ID":25583,"ENTIDAD":15,"DISTRITO_F":24,"DISTRITO_L":30,"MUNICIPIO":58,"SECCION":2918,"TIPO":2,"CONTROL":0,"GEOMETRY1_":""}},
{"type":"Feature","geometry":{"type":"Polygon","coordinates":[[[-99.26302519946744,19.461133660626142],[-99.26443257941803,19.459631135827802],[-99.26463369896943,19.45732878681098],[-99.26228781237562,19.4580603665553],[-99.26049095936177,19.458706315525944],[-99.26302519946744,19.461133660626142]]]},"properties":{"ID":25584,"ENTIDAD":15,"DISTRITO_F":24,"DISTRITO_L":30,"MUNICIPIO":58,"SECCION":2919,"TIPO":2,"CONTROL":0,"GEOMETRY1_":""}},
{"type":"Feature","geometry":{"type":"Polygon","coordinates":[[[-99.26267065386129,19.461751289739603],[-99.26328503743991,19.462140469870963],[-99.26653763374593,19.46084852348577],[-99.2654134135639,19.459235273730634],[-99.26443257941803,19.459631135827802],[-99.26302519946744,19.461133660626142],[-99.26280791080505,19.461514125512135],[-99.26267065386129,19.461751289739603]]]},"properties":{"ID":25585,"ENTIDAD":15,"DISTRITO_F":24,"DISTRITO_L":30,"MUNICIPIO":58,"SECCION":2920,"TIPO":2,"CONTROL":0,"GEOMETRY1_":""}},
{"type":"Feature","geometry":{"type":"Polygon","coordinates":[[[-99.27278355987045,19.461742044403675],[-99.27382248823984,19.45875041871354],[-99.2740545012067,19.45737949031351],[-99.26891206322877,19.459020100760867],[-99.26964418006405,19.46069772976642],[-99.27278355987045,19.461742044403675]]]},"properties":{"ID":25586,"ENTIDAD":15,"DISTRITO_F":24,"DISTRITO_L":30,"MUNICIPIO":58,"SECCION":2921,"TIPO":2,"CONTROL":0,"GEOMETRY1_":""}},
{"type":"Feature","geometry":{"type":"Polygon","coordinates":[[[-99.27410768302094,19.462626438902653],[-99.27606501245134,19.460251498775296],[-99.27382248823984,19.45875041871354],[-99.27278355987045,19.461742044403675],[-99.27410768302094,19.462626438902653]]]},"properties":{"ID":25587,"ENTIDAD":15,"DISTRITO_F":24,"DISTRITO_L":30,"MUNICIPIO":58,"SECCION":2922,"TIPO":2,"CONTROL":0,"GEOMETRY1_":""}},
{"type":"Feature","geometry":{"type":"Polygon","coordinates":[[[-99.27606501245134,19.460251498775296],[-99.27807556199393,19.459283855991472],[-99.27841976077339,19.457591916567427],[-99.27762572849763,19.457212417290446],[-99.27722946221573,19.457660791913582],[-99.27696097940014,19.456600999109106],[-99.2761186366972,19.455977575676588],[-99.27583357841135,19.45609515074505],[-99.27567171395005,19.456034351428855],[-99.2740545012067,19.45737949031351],[-99.27382248823984,19.45875041871354],[-99.27606501245134,19.460251498775296]]]},"properties":{"ID":25588,"ENTIDAD":15,"DISTRITO_F":24,"DISTRITO_L":30,"MUNICIPIO":58,"SECCION":2923,"TIPO":2,"CONTROL":0,"GEOMETRY1_":""}},
{"type":"Feature","geometry":{"type":"Polygon","coordinates":[[[-99.28361808130607,19.45609221041447],[-99.28358056452358,19.45600276598561],[-99.28348950936793,19.455793464268012],[-99.2833439102967,19.455488593300373],[-99.28333084364097,19.455437649029264],[-99.28327604357857,19.455223994202264],[-99.28323611028372,19.455092775005067],[-99.28271545715204,19.45506631479005],[-99.28253219281882,19.45503055087794],[-99.28204497295043,19.455042401426038],[-99.28142068517244,19.45468287608147],[-99.2810809353801,19.45431643734627],[-99.28103823241922,19.454001427108285],[-99.28032024969362,19.454045723213596],[-99.27969086459134,19.453978898986062],[-99.2794165772,19.453999271289874],[-99.27916137871082,19.4540928871987],[-99.27902108676011,19.45417628498421],[-99.27887258758848,19.454249239994027],[-99.27856307923551,19.454305811469737],[-99.27744078634797,19.45406499987922],[-99.27711875751028,19.454872194073033],[-99.27631549690527,19.455134188323473],[-99.27613831964165,19.4552746977386],[-99.27612127320725,19.45536308000152],[-99.27612124711423,19.455464459589617],[-99.27616664366488,19.455566682836423],[-99.27619808625856,19.4556458290455],[-99.276194961576,19.455714991914547],[-99.27614443123156,19.45580264906483],[-99.27611677448063,19.455904983545796],[-99.27611863669655,19.455977575294273],[-99.2763374459074,19.45611038594685],[-99.2769609793995,19.45660099872693],[-99.27722946221508,19.45766079153146],[-99.27762572849697,19.457212416908256],[-99.27923654385812,19.45790927234862],[-99.28027942962373,19.457211854922882],[-99.2813537542511,19.45687927631131],[-99.28222923875519,19.456584125670243],[-99.28293590702837,19.456333831964077],[-99.28327891367356,19.45621234172221],[-99.28361808130607,19.45609221041447]]]},"properties":{"ID":25592,"ENTIDAD":15,"DISTRITO_F":24,"DISTRITO_L":30,"MUNICIPIO":58,"SECCION":2927,"TIPO":2,"CONTROL":0,"GEOMETRY1_":""}},
{"type":"Feature","geometry":{"type":"Polygon","coordinates":[[[-99.2740545012067,19.45737949031351],[-99.27567171395005,19.456034351428855],[-99.2728457373917,19.455902302261983],[-99.26993872776193,19.457408706373055],[-99.26833495854726,19.458029660735622],[-99.26891206322877,19.459020100760867],[-99.2740545012067,19.45737949031351]]]},"properties":{"ID":25593,"ENTIDAD":15,"DISTRITO_F":24,"DISTRITO_L":30,"MUNICIPIO":58,"SECCION":2928,"TIPO":2,"CONTROL":0,"GEOMETRY1_":""}},
{"type":"Feature","geometry":{"type":"Polygon","coordinates":[[[-99.26463369896943,19.45732878681098],[-99.26443257941803,19.459631135827802],[-99.2654134135639,19.459235273730634],[-99.26763417366669,19.45660438634599],[-99.26684687037208,19.456313113039165],[-99.26605335964636,19.45667310281041],[-99.26463369896943,19.45732878681098]]]},"properties":{"ID":25594,"ENTIDAD":15,"DISTRITO_F":24,"DISTRITO_L":30,"MUNICIPIO":58,"SECCION":2929,"TIPO":2,"CONTROL":0,"GEOMETRY1_":""}},
{"type":"Feature","geometry":{"type":"Polygon","coordinates":[[[-99.25934211946874,19.459629753567555],[-99.26049095936177,19.458706315525944],[-99.26228781237562,19.4580603665553],[-99.2621736095288,19.456914827265553],[-99.25985003229815,19.457401881374462],[-99.25871659147126,19.458029334925463],[-99.25934211946874,19.459629753567555]]]},"properties":{"ID":25595,"ENTIDAD":15,"DISTRITO_F":24,"DISTRITO_L":30,"MUNICIPIO":58,"SECCION":2930,"TIPO":2,"CONTROL":0,"GEOMETRY1_":""}},
{"type":"Feature","geometry":{"type":"Polygon","coordinates":[[[-99.26228781237562,19.4580603665553],[-99.26463369896943,19.45732878681098],[-99.26605335964636,19.45667310281041],[-99.26567072801878,19.45568541506499],[-99.26415767051375,19.456406470405067],[-99.2621736095288,19.456914827265553],[-99.26228781237562,19.4580603665553]]]},"properties":{"ID":25596,"ENTIDAD":15,"DISTRITO_F":24,"DISTRITO_L":30,"MUNICIPIO":58,"SECCION":2931,"TIPO":2,"CONTROL":0,"GEOMETRY1_":""}},
{"type":"Feature","geometry":{"type":"Polygon","coordinates":[[[-99.26605335964636,19.45667310281041],[-99.26684687037208,19.456313113039165],[-99.27111526691243,19.454141559631637],[-99.27124461530933,19.453877758988448],[-99.27174528460739,19.452342623037758],[-99.27148373411875,19.452421072198735],[-99.26871361520078,19.454207918887914],[-99.26623937338692,19.455443281113805],[-99.26567072801878,19.45568541506499],[-99.26605335964636,19.45667310281041]]]},"properties":{"ID":25597,"ENTIDAD":15,"DISTRITO_F":24,"DISTRITO_L":30,"MUNICIPIO":58,"SECCION":2932,"TIPO":2,"CONTROL":0,"GEOMETRY1_":""}},
{"type":"Feature","geometry":{"type":"Polygon","coordinates":[[[-99.26653763374593,19.46084852348577],[-99.26833495854726,19.458029660735622],[-99.26993872776193,19.457408706373055],[-99.26763417366669,19.45660438634599],[-99.2654134135639,19.459235273730634],[-99.26653763374593,19.46084852348577]]]},"properties":{"ID":25598,"ENTIDAD":15,"DISTRITO_F":24,"DISTRITO_L":30,"MUNICIPIO":58,"SECCION":2933,"TIPO":2,"CONTROL":0,"GEOMETRY1_":""}},
{"type":"Feature","geometry":{"type":"Polygon","coordinates":[[[-99.26993872776193,19.457408706373055],[-99.2728457373917,19.455902302261983],[-99.27199858933828,19.455130108113444],[-99.27111526691243,19.454141559631637],[-99.26684687037208,19.456313113039165],[-99.26763417366669,19.45660438634599],[-99.26993872776193,19.457408706373055]]]},"properties":{"ID":25599,"ENTIDAD":15,"DISTRITO_F":24,"DISTRITO_L":30,"MUNICIPIO":58,"SECCION":2934,"TIPO":2,"CONTROL":0,"GEOMETRY1_":""}},
{"type":"Feature","geometry":{"type":"Polygon","coordinates":[[[-99.2728457373917,19.455902302261983],[-99.27567171395005,19.456034351428855],[-99.27583357841135,19.45609515074505],[-99.27636826434734,19.454453534001708],[-99.27199858933828,19.455130108113444],[-99.2728457373917,19.455902302261983]]]},"properties":{"ID":25600,"ENTIDAD":15,"DISTRITO_F":24,"DISTRITO_L":30,"MUNICIPIO":58,"SECCION":2935,"TIPO":2,"CONTROL":0,"GEOMETRY1_":""}},
{"type":"Feature","geometry":{"type":"Polygon","coordinates":[[[-99.27111526691243,19.454141559631637],[-99.27199858933828,19.455130108113444],[-99.27636826434734,19.454453534001708],[-99.27584410855397,19.452951350730057],[-99.27124461530933,19.453877758988448],[-99.27111526691243,19.454141559631637]]]},"properties":{"ID":25601,"ENTIDAD":15,"DISTRITO_F":24,"DISTRITO_L":30,"MUNICIPIO":58,"SECCION":2936,"TIPO":2,"CONTROL":0,"GEOMETRY1_":""}},
{"type":"Feature","geometry":{"type":"Polygon","coordinates":[[[-99.27916137871146,19.454092887581258],[-99.27908564674625,19.453952496596084],[-99.27905199654842,19.45389011618378],[-99.27893629168328,19.45335903377563],[-99.27871080668795,19.452709328827535],[-99.27895658941225,19.451954326384428],[-99.27584410855397,19.452951350730057],[-99.27636826434734,19.454453534001708],[-99.27583357841135,19.45609515074505],[-99.2761186366972,19.455977575676588],[-99.27611677448128,19.455904983928175],[-99.2761444312322,19.455802649447207],[-99.27619496157665,19.455714992296876],[-99.27619808625921,19.45564582942785],[-99.27616664366553,19.455566683218766],[-99.27612124711489,19.45546445997201],[-99.2761212732079,19.455363080383897],[-99.2761383196423,19.45527469812104],[-99.27631549690591,19.45513418870589],[-99.27711875751092,19.454872194455515],[-99.2774407863486,19.454065000261814],[-99.27856307923615,19.454305811852304],[-99.27887258758913,19.45424924037657],[-99.27902108676076,19.454176285366806],[-99.27916137871146,19.454092887581258]]]},"properties":{"ID":25602,"ENTIDAD":15,"DISTRITO_F":24,"DISTRITO_L":30,"MUNICIPIO":58,"SECCION":2937,"TIPO":2,"CONTROL":0,"GEOMETRY1_":""}},
{"type":"Feature","geometry":{"type":"Polygon","coordinates":[[[-99.27916137871146,19.454092887581258],[-99.27941657720064,19.453999271672483],[-99.279690864592,19.453978899368657],[-99.28032024969428,19.454045723596202],[-99.28051797278322,19.4540478523491],[-99.28103823308905,19.45400142704854],[-99.28124529632471,19.45398294954183],[-99.28060270995414,19.451409608290522],[-99.27973317512965,19.45170557483233],[-99.27895658941225,19.451954326384428],[-99.27871080668795,19.452709328827535],[-99.27893629168328,19.45335903377563],[-99.27905199654842,19.45389011618378],[-99.27908564674625,19.453952496596084],[-99.27916137871146,19.454092887581258]]]},"properties":{"ID":25603,"ENTIDAD":15,"DISTRITO_F":24,"DISTRITO_L":30,"MUNICIPIO":58,"SECCION":2938,"TIPO":2,"CONTROL":0,"GEOMETRY1_":""}},
{"type":"Feature","geometry":{"type":"Polygon","coordinates":[[[-99.28124529632471,19.45398294954183],[-99.2844313662168,19.450233848972324],[-99.2844711735471,19.450139798015915],[-99.28447653321035,19.449835267678427],[-99.28283602988579,19.45067317307253],[-99.28060270995414,19.451409608290522],[-99.28124529632471,19.45398294954183]]]},"properties":{"ID":25604,"ENTIDAD":15,"DISTRITO_F":24,"DISTRITO_L":32,"MUNICIPIO":58,"SECCION":2939,"TIPO":2,"CONTROL":0,"GEOMETRY1_":""}},
{"type":"Feature","geometry":{"type":"Polygon","coordinates":[[[-99.27973317512965,19.45170557483233],[-99.28060270995414,19.451409608290522],[-99.28283602988579,19.45067317307253],[-99.28447653321035,19.449835267678427],[-99.28352111163032,19.449089844900787],[-99.28247133859809,19.449472845796265],[-99.2790870532667,19.449928448833393],[-99.27973317512965,19.45170557483233]]]},"properties":{"ID":25605,"ENTIDAD":15,"DISTRITO_F":24,"DISTRITO_L":32,"MUNICIPIO":58,"SECCION":2940,"TIPO":2,"CONTROL":0,"GEOMETRY1_":""}},
{"type":"Feature","geometry":{"type":"Polygon","coordinates":[[[-99.27584410855397,19.452951350730057],[-99.27895658941225,19.451954326384428],[-99.27973317512965,19.45170557483233],[-99.2790870532667,19.449928448833393],[-99.27540848258106,19.45170332596845],[-99.27584410855397,19.452951350730057]]]},"properties":{"ID":25606,"ENTIDAD":15,"DISTRITO_F":24,"DISTRITO_L":30,"MUNICIPIO":58,"SECCION":2941,"TIPO":2,"CONTROL":0,"GEOMETRY1_":""}},
{"type":"Feature","geometry":{"type":"Polygon","coordinates":[[[-99.27124461530933,19.453877758988448],[-99.27584410855397,19.452951350730057],[-99.27540848258106,19.45170332596845],[-99.27174528460739,19.452342623037758],[-99.27124461530933,19.453877758988448]]]},"properties":{"ID":25607,"ENTIDAD":15,"DISTRITO_F":24,"DISTRITO_L":30,"MUNICIPIO":58,"SECCION":2942,"TIPO":2,"CONTROL":0,"GEOMETRY1_":""}},
{"type":"Feature","geometry":{"type":"Polygon","coordinates":[[[-99.26871361520078,19.454207918887914],[-99.27148373411875,19.452421072198735],[-99.27109242875781,19.451475625294307],[-99.26779992778003,19.453334718577363],[-99.26871361520078,19.454207918887914]]]},"properties":{"ID":25608,"ENTIDAD":15,"DISTRITO_F":24,"DISTRITO_L":30,"MUNICIPIO":58,"SECCION":2943,"TIPO":2,"CONTROL":0,"GEOMETRY1_":""}},
{"type":"Feature","geometry":{"type":"Polygon","coordinates":[[[-99.26415767051375,19.456406470405067],[-99.26567072801878,19.45568541506499],[-99.26623937338692,19.455443281113805],[-99.26871361520078,19.454207918887914],[-99.26779992778003,19.453334718577363],[-99.26756634331717,19.452875939521775],[-99.26716379962832,19.452133991336083],[-99.26692869351773,19.45171771526299],[-99.26545670875498,19.45357682170119],[-99.26444039372281,19.453802467739198],[-99.2641033920812,19.453770749266734],[-99.26415767051375,19.456406470405067]]]},"properties":{"ID":25609,"ENTIDAD":15,"DISTRITO_F":24,"DISTRITO_L":30,"MUNICIPIO":58,"SECCION":2944,"TIPO":2,"CONTROL":0,"GEOMETRY1_":""}},
{"type":"Feature","geometry":{"type":"Polygon","coordinates":[[[-99.25985003229815,19.457401881374462],[-99.2621736095288,19.456914827265553],[-99.26415767051375,19.456406470405067],[-99.2641033920812,19.453770749266734],[-99.26270120854792,19.453952079254602],[-99.2609441542765,19.454041612268224],[-99.25950204608812,19.453949854724293],[-99.25867555169992,19.453633618175356],[-99.25731487594071,19.453008651803458],[-99.25696677478749,19.45367881309224],[-99.25803785402665,19.456083311812833],[-99.25937182326626,19.455706773647577],[-99.25933707352884,19.45593191329409],[-99.25985003229815,19.457401881374462]]]},"properties":{"ID":25610,"ENTIDAD":15,"DISTRITO_F":24,"DISTRITO_L":30,"MUNICIPIO":58,"SECCION":2945,"TIPO":2,"CONTROL":0,"GEOMETRY1_":""}},
{"type":"Feature","geometry":{"type":"Polygon","coordinates":[[[-99.25985003229815,19.457401881374462],[-99.25933707352884,19.45593191329409],[-99.25937182326626,19.455706773647577],[-99.25803785402665,19.456083311812833],[-99.25769231595933,19.456298226522073],[-99.2568531979168,19.456952437784786],[-99.25793117101247,19.458757286268845],[-99.25871659147126,19.458029334925463],[-99.25985003229815,19.457401881374462]]]},"properties":{"ID":25611,"ENTIDAD":15,"DISTRITO_F":24,"DISTRITO_L":30,"MUNICIPIO":58,"SECCION":2946,"TIPO":2,"CONTROL":0,"GEOMETRY1_":""}},
{"type":"Feature","geometry":{"type":"Polygon","coordinates":[[[-99.25793117101247,19.458757286268845],[-99.2568531979168,19.456952437784786],[-99.2548346708924,19.457323715018383],[-99.25524510980132,19.459415406132152],[-99.25793117101247,19.458757286268845]]]},"properties":{"ID":25612,"ENTIDAD":15,"DISTRITO_F":24,"DISTRITO_L":30,"MUNICIPIO":58,"SECCION":2947,"TIPO":2,"CONTROL":0,"GEOMETRY1_":""}},
{"type":"Feature","geometry":{"type":"Polygon","coordinates":[[[-99.2548346708924,19.457323715018383],[-99.25311786863236,19.457957927697663],[-99.25302803597201,19.4594280646319],[-99.25308658284919,19.459888781714287],[-99.25343226251421,19.459808060734296],[-99.2537450261343,19.459735024779135],[-99.25524510980132,19.459415406132152],[-99.2548346708924,19.457323715018383]]]},"properties":{"ID":25613,"ENTIDAD":15,"DISTRITO_F":24,"DISTRITO_L":30,"MUNICIPIO":58,"SECCION":2948,"TIPO":2,"CONTROL":0,"GEOMETRY1_":""}},
{"type":"Feature","geometry":{"type":"Polygon","coordinates":[[[-99.26078877839072,19.452796898206184],[-99.25950204608812,19.453949854724293],[-99.2609441542765,19.454041612268224],[-99.26078877839072,19.452796898206184]]]},"properties":{"ID":25614,"ENTIDAD":15,"DISTRITO_F":24,"DISTRITO_L":30,"MUNICIPIO":58,"SECCION":2949,"TIPO":2,"CONTROL":0,"GEOMETRY1_":""}},
{"type":"Feature","geometry":{"type":"Polygon","coordinates":[[[-99.26270120854792,19.453952079254602],[-99.26318168990578,19.45242004701239],[-99.26286385247444,19.451577988558622],[-99.26121543131785,19.4523112856145],[-99.26078877839072,19.452796898206184],[-99.2609441542765,19.454041612268224],[-99.26270120854792,19.453952079254602]]]},"properties":{"ID":25615,"ENTIDAD":15,"DISTRITO_F":24,"DISTRITO_L":30,"MUNICIPIO":58,"SECCION":2950,"TIPO":2,"CONTROL":0,"GEOMETRY1_":""}},
{"type":"Feature","geometry":{"type":"Polygon","coordinates":[[[-99.26270120854792,19.453952079254602],[-99.2641033920812,19.453770749266734],[-99.26456233600116,19.451306401500116],[-99.26318168990578,19.45242004701239],[-99.26270120854792,19.453952079254602]]]},"properties":{"ID":25616,"ENTIDAD":15,"DISTRITO_F":24,"DISTRITO_L":30,"MUNICIPIO":58,"SECCION":2951,"TIPO":2,"CONTROL":0,"GEOMETRY1_":""}},
{"type":"Feature","geometry":{"type":"Polygon","coordinates":[[[-99.2641033920812,19.453770749266734],[-99.26444039372281,19.453802467739198],[-99.26545670875498,19.45357682170119],[-99.26692869351773,19.45171771526299],[-99.26456233600116,19.451306401500116],[-99.2641033920812,19.453770749266734]]]},"properties":{"ID":25617,"ENTIDAD":15,"DISTRITO_F":24,"DISTRITO_L":30,"MUNICIPIO":58,"SECCION":2952,"TIPO":2,"CONTROL":0,"GEOMETRY1_":""}},
{"type":"Feature","geometry":{"type":"Polygon","coordinates":[[[-99.26614353187254,19.450694066135203],[-99.2701489094415,19.449989990595466],[-99.26814094107873,19.44907346778667],[-99.26717623190687,19.44898803637092],[-99.26614353187254,19.450694066135203]]]},"properties":{"ID":25618,"ENTIDAD":15,"DISTRITO_F":24,"DISTRITO_L":30,"MUNICIPIO":58,"SECCION":2953,"TIPO":2,"CONTROL":0,"GEOMETRY1_":""}},
{"type":"Feature","geometry":{"type":"Polygon","coordinates":[[[-99.26756634331717,19.452875939521775],[-99.27459296654976,19.449979756028196],[-99.27434160014444,19.450010784206494],[-99.27348048663767,19.450087078206685],[-99.27327651078356,19.450165821411314],[-99.2734148209927,19.44988232256476],[-99.27331784563822,19.449725023176235],[-99.26716379962832,19.452133991336083],[-99.26756634331717,19.452875939521775]]]},"properties":{"ID":25619,"ENTIDAD":15,"DISTRITO_F":24,"DISTRITO_L":30,"MUNICIPIO":58,"SECCION":2954,"TIPO":2,"CONTROL":0,"GEOMETRY1_":""}},
{"type":"Feature","geometry":{"type":"Polygon","coordinates":[[[-99.27540848258106,19.45170332596845],[-99.27459296654976,19.449979756028196],[-99.27109242875781,19.451475625294307],[-99.27148373411875,19.452421072198735],[-99.27174528460739,19.452342623037758],[-99.27540848258106,19.45170332596845]]]},"properties":{"ID":25620,"ENTIDAD":15,"DISTRITO_F":24,"DISTRITO_L":30,"MUNICIPIO":58,"SECCION":2955,"TIPO":2,"CONTROL":0,"GEOMETRY1_":""}},
{"type":"Feature","geometry":{"type":"Polygon","coordinates":[[[-99.27459296654976,19.449979756028196],[-99.27758623556143,19.450592624514748],[-99.27633493536959,19.447805333551955],[-99.27514215705426,19.448021050388725],[-99.27502141899926,19.448088806303012],[-99.2748234856997,19.448997078256365],[-99.27456944008662,19.449323357024305],[-99.27459296654976,19.449979756028196]]]},"properties":{"ID":25621,"ENTIDAD":15,"DISTRITO_F":24,"DISTRITO_L":30,"MUNICIPIO":58,"SECCION":2956,"TIPO":2,"CONTROL":0,"GEOMETRY1_":""}},
{"type":"Feature","geometry":{"type":"Polygon","coordinates":[[[-99.27758623556143,19.450592624514748],[-99.2769136297624,19.446192792371416],[-99.27633493536959,19.447805333551955],[-99.27758623556143,19.450592624514748]]]},"properties":{"ID":25622,"ENTIDAD":15,"DISTRITO_F":24,"DISTRITO_L":30,"MUNICIPIO":58,"SECCION":2957,"TIPO":2,"CONTROL":0,"GEOMETRY1_":""}},
{"type":"Feature","geometry":{"type":"Polygon","coordinates":[[[-99.2790870532667,19.449928448833393],[-99.28247133859809,19.449472845796265],[-99.28034638169866,19.447712254679264],[-99.2787130895395,19.44694762191059],[-99.2790870532667,19.449928448833393]]]},"properties":{"ID":25623,"ENTIDAD":15,"DISTRITO_F":24,"DISTRITO_L":32,"MUNICIPIO":58,"SECCION":2958,"TIPO":2,"CONTROL":0,"GEOMETRY1_":""}},
{"type":"Feature","geometry":{"type":"Polygon","coordinates":[[[-99.28247133859809,19.449472845796265],[-99.28352111163032,19.449089844900787],[-99.28486507604968,19.44406815521695],[-99.28333921840667,19.44395303192406],[-99.28332032393794,19.444026421457874],[-99.28034638169866,19.447712254679264],[-99.28247133859809,19.449472845796265]]]},"properties":{"ID":25624,"ENTIDAD":15,"DISTRITO_F":24,"DISTRITO_L":32,"MUNICIPIO":58,"SECCION":2959,"TIPO":2,"CONTROL":0,"GEOMETRY1_":""}},
{"type":"Feature","geometry":{"type":"Polygon","coordinates":[[[-99.28751043991103,19.44637401789853],[-99.28826315634575,19.445941789492633],[-99.28493566501406,19.44466242988621],[-99.28386564085255,19.448793455765937],[-99.28751043991103,19.44637401789853]]]},"properties":{"ID":25625,"ENTIDAD":15,"DISTRITO_F":24,"DISTRITO_L":32,"MUNICIPIO":58,"SECCION":2960,"TIPO":2,"CONTROL":0,"GEOMETRY1_":""}},
{"type":"Feature","geometry":{"type":"Polygon","coordinates":[[[-99.28751043991103,19.44637401789853],[-99.28386564085255,19.448793455765937],[-99.2845105468172,19.4489249859279],[-99.2844711735471,19.450139798015915],[-99.2844313662168,19.450233848972324],[-99.2846264840787,19.45035265287384],[-99.2848803792321,19.45031278752535],[-99.28513099425852,19.450585864492812],[-99.28605423006441,19.45061758930744],[-99.2861935848735,19.45003891917862],[-99.28620894310747,19.44999399286687],[-99.286269322229,19.44997378944607],[-99.28674216719406,19.450046437315827],[-99.28688666688099,19.449644046003215],[-99.28694699983129,19.449597701846802],[-99.287052989723,19.449597534152414],[-99.28714951127391,19.449637597668197],[-99.28721214616591,19.44969480670978],[-99.28740991065264,19.450048396750468],[-99.2874757786254,19.450135762783205],[-99.28753305763244,19.450160807171557],[-99.28759453375025,19.450161715119233],[-99.28799272535392,19.449973072248124],[-99.28892970034285,19.449385429962327],[-99.28751043991103,19.44637401789853]]]},"properties":{"ID":25626,"ENTIDAD":15,"DISTRITO_F":24,"DISTRITO_L":32,"MUNICIPIO":58,"SECCION":2961,"TIPO":2,"CONTROL":0,"GEOMETRY1_":""}},
{"type":"Feature","geometry":{"type":"Polygon","coordinates":[[[-99.28879901537213,19.445413306137436],[-99.29222518158281,19.44327384379332],[-99.2900333151189,19.444418784683133],[-99.28879901537213,19.445413306137436]]]},"properties":{"ID":25627,"ENTIDAD":15,"DISTRITO_F":24,"DISTRITO_L":32,"MUNICIPIO":58,"SECCION":2962,"TIPO":2,"CONTROL":0,"GEOMETRY1_":""}},
{"type":"Feature","geometry":{"type":"Polygon","coordinates":[[[-99.29374850107824,19.447027082579094],[-99.29358002026977,19.44469115634617],[-99.29343858073086,19.44410842572654],[-99.29336733151926,19.443777894628163],[-99.29327570716195,19.443516745948195],[-99.29329160799186,19.44344612494029],[-99.29323713646754,19.4434858274277],[-99.2931047384716,19.44358283518748],[-99.29298810343344,19.443554872157424],[-99.29272555758386,19.443722193538875],[-99.29197016333642,19.44438314825909],[-99.29356606238709,19.447078804681222],[-99.29374850107824,19.447027082579094]]]},"properties":{"ID":25628,"ENTIDAD":15,"DISTRITO_F":24,"DISTRITO_L":32,"MUNICIPIO":58,"SECCION":2963,"TIPO":2,"CONTROL":0,"GEOMETRY1_":""}},
{"type":"Feature","geometry":{"type":"Polygon","coordinates":[[[-99.29222518158281,19.44327384379332],[-99.29180864737218,19.44110104166331],[-99.29112770343517,19.44113198545723],[-99.29222518158281,19.44327384379332]]]},"properties":{"ID":25629,"ENTIDAD":15,"DISTRITO_F":24,"DISTRITO_L":32,"MUNICIPIO":58,"SECCION":2964,"TIPO":2,"CONTROL":0,"GEOMETRY1_":""}},
{"type":"Feature","geometry":{"type":"Polygon","coordinates":[[[-99.2900309127199,19.44414565985906],[-99.29222518158281,19.44327384379332],[-99.29112770343517,19.44113198545723],[-99.28987800096024,19.4409962275883],[-99.2893851136482,19.440753213402548],[-99.28962099317233,19.441707310288688],[-99.28990419846474,19.442303690526597],[-99.29033741548596,19.443119402057597],[-99.29007469533316,19.44323697232849],[-99.28996229284007,19.443547773669497],[-99.2900309127199,19.44414565985906]]]},"properties":{"ID":25630,"ENTIDAD":15,"DISTRITO_F":24,"DISTRITO_L":32,"MUNICIPIO":58,"SECCION":2965,"TIPO":2,"CONTROL":0,"GEOMETRY1_":""}},
{"type":"Feature","geometry":{"type":"Polygon","coordinates":[[[-99.28879901537213,19.445413306137436],[-99.2900333151189,19.444418784683133],[-99.2900309127199,19.44414565985906],[-99.28996229284007,19.443547773669497],[-99.29007469533316,19.44323697232849],[-99.29033741548596,19.443119402057597],[-99.28990419846474,19.442303690526597],[-99.28962099317233,19.441707310288688],[-99.28944540371315,19.441496076826105],[-99.2886420666097,19.441991136987134],[-99.28775604654854,19.442430070483535],[-99.28798930601533,19.44285013592085],[-99.28730850009708,19.443286720752763],[-99.28709023800818,19.44367902121713],[-99.28845127182197,19.444624152391953],[-99.28816269180535,19.44504581333003],[-99.28858275411774,19.445288410283506],[-99.28879901537213,19.445413306137436]]]},"properties":{"ID":25631,"ENTIDAD":15,"DISTRITO_F":24,"DISTRITO_L":32,"MUNICIPIO":58,"SECCION":2966,"TIPO":2,"CONTROL":0,"GEOMETRY1_":""}},
{"type":"Feature","geometry":{"type":"Polygon","coordinates":[[[-99.28826315634575,19.445941789492633],[-99.28856686274408,19.445642263764704],[-99.28879901537145,19.445413305753696],[-99.2884512718213,19.44462415200811],[-99.28778834602811,19.44404139449244],[-99.28747192099837,19.443839218545698],[-99.2870902380075,19.44367902083316],[-99.28730850009642,19.443286720368732],[-99.28747773942648,19.443132350346552],[-99.28798930601465,19.442850135536766],[-99.28775604654787,19.44243007009939],[-99.28667359198703,19.443416442766424],[-99.28585891877952,19.44333926055208],[-99.28486507604902,19.44406815483303],[-99.28488873701157,19.4441230971015],[-99.28508121847307,19.444570049838863],[-99.28493566501406,19.44466242988621],[-99.28826315634575,19.445941789492633]]]},"properties":{"ID":25632,"ENTIDAD":15,"DISTRITO_F":24,"DISTRITO_L":32,"MUNICIPIO":58,"SECCION":2967,"TIPO":2,"CONTROL":0,"GEOMETRY1_":""}},
{"type":"Feature","geometry":{"type":"Polygon","coordinates":[[[-99.28034638169866,19.447712254679264],[-99.28332032393794,19.444026421457874],[-99.28300742983531,19.443502288595166],[-99.28253432312226,19.443413367816234],[-99.27884953030996,19.4441233259548],[-99.2787130895395,19.44694762191059],[-99.28034638169866,19.447712254679264]]]},"properties":{"ID":25633,"ENTIDAD":15,"DISTRITO_F":24,"DISTRITO_L":32,"MUNICIPIO":58,"SECCION":2968,"TIPO":2,"CONTROL":0,"GEOMETRY1_":""}},
{"type":"Feature","geometry":{"type":"Polygon","coordinates":[[[-99.27679885431908,19.443079010161323],[-99.2765819380845,19.44285866554346],[-99.27629384762758,19.442939174067565],[-99.27619583443865,19.44352238466779],[-99.27496757604372,19.443818724567766],[-99.27508140182034,19.444248159738592],[-99.27519643196393,19.444692919103513],[-99.27545430941387,19.445541873034795],[-99.27700612926834,19.44419455536812],[-99.27679250158675,19.44389925715413],[-99.27679659066571,19.44362353228225],[-99.27679541494577,19.443374950480468],[-99.27679723708421,19.4432181644351],[-99.27679885431908,19.443079010161323]]]},"properties":{"ID":25634,"ENTIDAD":15,"DISTRITO_F":24,"DISTRITO_L":30,"MUNICIPIO":58,"SECCION":2969,"TIPO":2,"CONTROL":0,"GEOMETRY1_":""}},
{"type":"Feature","geometry":{"type":"Polygon","coordinates":[[[-99.27459296654976,19.449979756028196],[-99.27456944008662,19.449323357024305],[-99.2748234856997,19.448997078256365],[-99.27502141899926,19.448088806303012],[-99.27514215705426,19.448021050388725],[-99.2769136297624,19.446192792371416],[-99.27356535092363,19.446735068123388],[-99.27331784563822,19.449725023176235],[-99.2734148209927,19.44988232256476],[-99.27327651078356,19.450165821411314],[-99.27348048663767,19.450087078206685],[-99.27434160014444,19.450010784206494],[-99.27459296654976,19.449979756028196]]]},"properties":{"ID":25635,"ENTIDAD":15,"DISTRITO_F":24,"DISTRITO_L":30,"MUNICIPIO":58,"SECCION":2970,"TIPO":2,"CONTROL":0,"GEOMETRY1_":""}},
{"type":"Feature","geometry":{"type":"Polygon","coordinates":[[[-99.27169559192396,19.449226122880813],[-99.27371738655125,19.44597510068711],[-99.27360620371518,19.445575593127273],[-99.27271979356829,19.445273837645814],[-99.27169559192396,19.449226122880813]]]},"properties":{"ID":25636,"ENTIDAD":15,"DISTRITO_F":24,"DISTRITO_L":30,"MUNICIPIO":58,"SECCION":2971,"TIPO":2,"CONTROL":0,"GEOMETRY1_":""}},
{"type":"Feature","geometry":{"type":"Polygon","coordinates":[[[-99.26974745767801,19.44603574414099],[-99.27152860694525,19.44930435503524],[-99.27169559192396,19.449226122880813],[-99.27271979356829,19.445273837645814],[-99.26974745767801,19.44603574414099]]]},"properties":{"ID":25637,"ENTIDAD":15,"DISTRITO_F":24,"DISTRITO_L":30,"MUNICIPIO":58,"SECCION":2972,"TIPO":2,"CONTROL":0,"GEOMETRY1_":""}},
{"type":"Feature","geometry":{"type":"Polygon","coordinates":[[[-99.2701489094415,19.449989990595466],[-99.27152860694525,19.44930435503524],[-99.26974745767801,19.44603574414099],[-99.26928802252259,19.446236873801563],[-99.26797154900444,19.448675760861452],[-99.26814094107873,19.44907346778667],[-99.2701489094415,19.449989990595466]]]},"properties":{"ID":25638,"ENTIDAD":15,"DISTRITO_F":24,"DISTRITO_L":30,"MUNICIPIO":58,"SECCION":2973,"TIPO":2,"CONTROL":0,"GEOMETRY1_":""}},
{"type":"Feature","geometry":{"type":"Polygon","coordinates":[[[-99.26797154900444,19.448675760861452],[-99.26928802252259,19.446236873801563],[-99.26921984752374,19.446262349670068],[-99.2672629079971,19.447011553235477],[-99.26797154900444,19.448675760861452]]]},"properties":{"ID":25639,"ENTIDAD":15,"DISTRITO_F":24,"DISTRITO_L":30,"MUNICIPIO":58,"SECCION":2974,"TIPO":2,"CONTROL":0,"GEOMETRY1_":""}},
{"type":"Feature","geometry":{"type":"Polygon","coordinates":[[[-99.26814094107873,19.44907346778667],[-99.26797154900444,19.448675760861452],[-99.2672629079971,19.447011553235477],[-99.2666841785585,19.44678055761331],[-99.26551488136089,19.447232130115125],[-99.26573617131162,19.447751992810154],[-99.26717623190687,19.44898803637092],[-99.26814094107873,19.44907346778667]]]},"properties":{"ID":25640,"ENTIDAD":15,"DISTRITO_F":24,"DISTRITO_L":30,"MUNICIPIO":58,"SECCION":2975,"TIPO":2,"CONTROL":0,"GEOMETRY1_":""}},
{"type":"Feature","geometry":{"type":"Polygon","coordinates":[[[-99.26422040730287,19.450472805406108],[-99.26614353187254,19.450694066135203],[-99.26717623190687,19.44898803637092],[-99.26573617131162,19.447751992810154],[-99.26419918654827,19.449574580109275],[-99.26422040730287,19.450472805406108]]]},"properties":{"ID":25641,"ENTIDAD":15,"DISTRITO_F":24,"DISTRITO_L":30,"MUNICIPIO":58,"SECCION":2976,"TIPO":2,"CONTROL":0,"GEOMETRY1_":""}},
{"type":"Feature","geometry":{"type":"Polygon","coordinates":[[[-99.26286385247444,19.451577988558622],[-99.26274766511074,19.451112263739667],[-99.26137102226245,19.44910161635157],[-99.26047678372247,19.44950404210707],[-99.26011172205932,19.449667159997936],[-99.26027700326411,19.449821296836934],[-99.26081894478608,19.450288678522544],[-99.26086340212625,19.450402247647553],[-99.2607038618671,19.450470153472388],[-99.26121543131785,19.4523112856145],[-99.26286385247444,19.451577988558622]]]},"properties":{"ID":25642,"ENTIDAD":15,"DISTRITO_F":24,"DISTRITO_L":30,"MUNICIPIO":58,"SECCION":2977,"TIPO":2,"CONTROL":0,"GEOMETRY1_":""}},
{"type":"Feature","geometry":{"type":"Polygon","coordinates":[[[-99.25867555169992,19.453633618175356],[-99.26015499116063,19.450496242394767],[-99.2590241073134,19.448950603282352],[-99.25825947460633,19.44844652599755],[-99.25723854037005,19.4480995213329],[-99.25619148394802,19.448136679240193],[-99.25626477230135,19.449041655106328],[-99.25639778947405,19.449617787259175],[-99.25681048149251,19.45075075982623],[-99.25731487594071,19.453008651803458],[-99.25867555169992,19.453633618175356]]]},"properties":{"ID":25643,"ENTIDAD":15,"DISTRITO_F":24,"DISTRITO_L":30,"MUNICIPIO":58,"SECCION":2978,"TIPO":2,"CONTROL":0,"GEOMETRY1_":""}},
{"type":"Feature","geometry":{"type":"Polygon","coordinates":[[[-99.25731487594071,19.453008651803458],[-99.25681048149251,19.45075075982623],[-99.2543365585279,19.45107454051322],[-99.25433369674967,19.451610743021646],[-99.25486025036089,19.4520822522281],[-99.25555192719675,19.454662972838598],[-99.25675523907437,19.454086056794335],[-99.25696677478749,19.45367881309224],[-99.25731487594071,19.453008651803458]]]},"properties":{"ID":25644,"ENTIDAD":15,"DISTRITO_F":24,"DISTRITO_L":30,"MUNICIPIO":58,"SECCION":2979,"TIPO":2,"CONTROL":0,"GEOMETRY1_":""}},
{"type":"Feature","geometry":{"type":"Polygon","coordinates":[[[-99.25555192719675,19.454662972838598],[-99.25486025036089,19.4520822522281],[-99.25433369674967,19.451610743021646],[-99.2543365585279,19.45107454051322],[-99.25425729973448,19.451077949505194],[-99.25309561699665,19.451146144721168],[-99.2524213033969,19.451299006073366],[-99.25215196548076,19.45298141034708],[-99.25270925511498,19.45396210208707],[-99.25302956462752,19.455986989658726],[-99.25381634024183,19.45576440791562],[-99.25472880814381,19.45543948970446],[-99.25555192719675,19.454662972838598]]]},"properties":{"ID":25645,"ENTIDAD":15,"DISTRITO_F":24,"DISTRITO_L":30,"MUNICIPIO":58,"SECCION":2980,"TIPO":2,"CONTROL":0,"GEOMETRY1_":""}},
{"type":"Feature","geometry":{"type":"Polygon","coordinates":[[[-99.24845767374862,19.453013828693706],[-99.24816472355614,19.455244565803792],[-99.24821628045235,19.4561710090121],[-99.25264309322043,19.455676584051808],[-99.25302956462752,19.455986989658726],[-99.25270925511498,19.45396210208707],[-99.25255381547078,19.453933201923533],[-99.2520824922396,19.453857387219387],[-99.25111044420544,19.45441661166651],[-99.24962803240017,19.45316415695974],[-99.24845767374862,19.453013828693706]]]},"properties":{"ID":25646,"ENTIDAD":15,"DISTRITO_F":24,"DISTRITO_L":30,"MUNICIPIO":58,"SECCION":2981,"TIPO":2,"CONTROL":0,"GEOMETRY1_":""}},
{"type":"Feature","geometry":{"type":"Polygon","coordinates":[[[-99.24362539807989,19.457938172687413],[-99.24393881424079,19.457645284783062],[-99.24699453582453,19.456258061250804],[-99.24775242436257,19.456146549279097],[-99.24821628045235,19.4561710090121],[-99.24816472355614,19.455244565803792],[-99.24725263975651,19.45517953646348],[-99.24526081736255,19.455688130754673],[-99.24195397449127,19.45717653463968],[-99.24362539807989,19.457938172687413]]]},"properties":{"ID":25647,"ENTIDAD":15,"DISTRITO_F":24,"DISTRITO_L":30,"MUNICIPIO":58,"SECCION":2982,"TIPO":2,"CONTROL":0,"GEOMETRY1_":""}},
{"type":"Feature","geometry":{"type":"Polygon","coordinates":[[[-99.23816648891089,19.4595743683639],[-99.24362539807989,19.457938172687413],[-99.24195397449127,19.45717653463968],[-99.2415418076109,19.457469431430415],[-99.24086281512395,19.458014949342427],[-99.2405534332686,19.458062512824362],[-99.24048997034504,19.45716433627832],[-99.23867126861863,19.45765477442617],[-99.23820994117321,19.45832966605168],[-99.2377838008839,19.45837517358433],[-99.23796442771909,19.45962862115227],[-99.23816648891089,19.4595743683639]]]},"properties":{"ID":25648,"ENTIDAD":15,"DISTRITO_F":24,"DISTRITO_L":30,"MUNICIPIO":58,"SECCION":2983,"TIPO":2,"CONTROL":0,"GEOMETRY1_":""}},
{"type":"Feature","geometry":{"type":"Polygon","coordinates":[[[-99.24526081736255,19.455688130754673],[-99.24370313742463,19.454473753079004],[-99.24155473466877,19.455845125709484],[-99.24048997034504,19.45716433627832],[-99.2405534332686,19.458062512824362],[-99.24086281512395,19.458014949342427],[-99.2415418076109,19.457469431430415],[-99.24195397449127,19.45717653463968],[-99.24526081736255,19.455688130754673]]]},"properties":{"ID":25649,"ENTIDAD":15,"DISTRITO_F":24,"DISTRITO_L":30,"MUNICIPIO":58,"SECCION":2984,"TIPO":2,"CONTROL":0,"GEOMETRY1_":""}},
{"type":"Feature","geometry":{"type":"Polygon","coordinates":[[[-99.24725263975651,19.45517953646348],[-99.2463217224465,19.45348802480937],[-99.24392790228418,19.45329085997969],[-99.24370313742463,19.454473753079004],[-99.24526081736255,19.455688130754673],[-99.24725263975651,19.45517953646348]]]},"properties":{"ID":25650,"ENTIDAD":15,"DISTRITO_F":24,"DISTRITO_L":30,"MUNICIPIO":58,"SECCION":2985,"TIPO":2,"CONTROL":0,"GEOMETRY1_":""}},
{"type":"Feature","geometry":{"type":"Polygon","coordinates":[[[-99.2463217224465,19.45348802480937],[-99.24725263975651,19.45517953646348],[-99.24816472355614,19.455244565803792],[-99.24845767374862,19.453013828693706],[-99.24875254891275,19.45245304884499],[-99.24929140654231,19.451662693252672],[-99.24766386966608,19.451118499670375],[-99.24675539005977,19.45238198947817],[-99.2463217224465,19.45348802480937]]]},"properties":{"ID":25651,"ENTIDAD":15,"DISTRITO_F":24,"DISTRITO_L":30,"MUNICIPIO":58,"SECCION":2986,"TIPO":2,"CONTROL":0,"GEOMETRY1_":""}},
{"type":"Feature","geometry":{"type":"Polygon","coordinates":[[[-99.25215196548076,19.45298141034708],[-99.24875254891275,19.45245304884499],[-99.24845767374862,19.453013828693706],[-99.24962803240017,19.45316415695974],[-99.25111044420544,19.45441661166651],[-99.2520824922396,19.453857387219387],[-99.25255381547078,19.453933201923533],[-99.25270925511498,19.45396210208707],[-99.25215196548076,19.45298141034708]]]},"properties":{"ID":25652,"ENTIDAD":15,"DISTRITO_F":24,"DISTRITO_L":30,"MUNICIPIO":58,"SECCION":2987,"TIPO":2,"CONTROL":0,"GEOMETRY1_":""}},
{"type":"Feature","geometry":{"type":"Polygon","coordinates":[[[-99.25215196548076,19.45298141034708],[-99.2524213033969,19.451299006073366],[-99.25047331940318,19.451600942768724],[-99.24929140654231,19.451662693252672],[-99.24875254891275,19.45245304884499],[-99.25215196548076,19.45298141034708]]]},"properties":{"ID":25653,"ENTIDAD":15,"DISTRITO_F":24,"DISTRITO_L":30,"MUNICIPIO":58,"SECCION":2988,"TIPO":2,"CONTROL":0,"GEOMETRY1_":""}},
{"type":"Feature","geometry":{"type":"Polygon","coordinates":[[[-99.25317908715265,19.449420497882436],[-99.2524213033969,19.451299006073366],[-99.25309561699665,19.451146144721168],[-99.25425729973448,19.451077949505194],[-99.2543365585279,19.45107454051322],[-99.25681048149251,19.45075075982623],[-99.25639778947405,19.449617787259175],[-99.25626477230135,19.449041655106328],[-99.25619148394802,19.448136679240193],[-99.25514910506017,19.448409004735012],[-99.25482004602705,19.44846339005997],[-99.25317908715265,19.449420497882436]]]},"properties":{"ID":25654,"ENTIDAD":15,"DISTRITO_F":24,"DISTRITO_L":30,"MUNICIPIO":58,"SECCION":2989,"TIPO":2,"CONTROL":0,"GEOMETRY1_":""}},
{"type":"Feature","geometry":{"type":"Polygon","coordinates":[[[-99.26274766511074,19.451112263739667],[-99.26422040730287,19.450472805406108],[-99.26419918654827,19.449574580109275],[-99.26257388232212,19.448524535533707],[-99.26228887345779,19.448650002202857],[-99.26185183206644,19.448840766071395],[-99.26137102226245,19.44910161635157],[-99.26274766511074,19.451112263739667]]]},"properties":{"ID":25655,"ENTIDAD":15,"DISTRITO_F":24,"DISTRITO_L":30,"MUNICIPIO":58,"SECCION":2990,"TIPO":2,"CONTROL":0,"GEOMETRY1_":""}},
{"type":"Feature","geometry":{"type":"Polygon","coordinates":[[[-99.26419918654827,19.449574580109275],[-99.26573617131162,19.447751992810154],[-99.26551488136089,19.447232130115125],[-99.26360683214247,19.44805635762098],[-99.26257388232212,19.448524535533707],[-99.26419918654827,19.449574580109275]]]},"properties":{"ID":25656,"ENTIDAD":15,"DISTRITO_F":24,"DISTRITO_L":30,"MUNICIPIO":58,"SECCION":2991,"TIPO":2,"CONTROL":0,"GEOMETRY1_":""}},
{"type":"Feature","geometry":{"type":"Polygon","coordinates":[[[-99.26773588928485,19.443429986848532],[-99.26604997541581,19.44366010005975],[-99.26668417855726,19.446780556846196],[-99.26726290799587,19.447011552468442],[-99.26804478370835,19.446699655531493],[-99.2688362732051,19.446405683651307],[-99.26921984752246,19.446262348902792],[-99.26860032231225,19.44507045300102],[-99.26836550514085,19.44462668366918],[-99.26773588928485,19.443429986848532]]]},"properties":{"ID":25657,"ENTIDAD":15,"DISTRITO_F":24,"DISTRITO_L":30,"MUNICIPIO":58,"SECCION":2992,"TIPO":2,"CONTROL":0,"GEOMETRY1_":""}},
{"type":"Feature","geometry":{"type":"Polygon","coordinates":[[[-99.27271979356829,19.445273837645814],[-99.27360620371518,19.445575593127273],[-99.27292590598962,19.443609776304832],[-99.27221321885655,19.44412600749489],[-99.27119758617334,19.44440797801496],[-99.2710551148295,19.443715075469747],[-99.26985105084636,19.444123183804106],[-99.26892380216566,19.444437460874585],[-99.26836550514213,19.444626684436916],[-99.26860032231352,19.4450704537686],[-99.26880065810118,19.44545930358026],[-99.26899184910229,19.44582557154628],[-99.26903745522607,19.44591293972178],[-99.26921984752374,19.446262349670068],[-99.26928802252259,19.446236873801563],[-99.26974745767801,19.44603574414099],[-99.27271979356829,19.445273837645814]]]},"properties":{"ID":25658,"ENTIDAD":15,"DISTRITO_F":24,"DISTRITO_L":30,"MUNICIPIO":58,"SECCION":2993,"TIPO":2,"CONTROL":0,"GEOMETRY1_":""}},
{"type":"Feature","geometry":{"type":"Polygon","coordinates":[[[-99.27371738655125,19.44597510068711],[-99.27496757604501,19.443818725335692],[-99.27463276018707,19.44178155181473],[-99.27431043506736,19.44195903244028],[-99.27346404855348,19.44196413138975],[-99.27304645192397,19.4419992675038],[-99.2726001195047,19.44203666755895],[-99.27285103946137,19.44265507410082],[-99.27307505667397,19.443315551912878],[-99.27292590598962,19.443609776304832],[-99.27360620371518,19.445575593127273],[-99.27371738655125,19.44597510068711]]]},"properties":{"ID":25659,"ENTIDAD":15,"DISTRITO_F":24,"DISTRITO_L":30,"MUNICIPIO":58,"SECCION":2994,"TIPO":2,"CONTROL":0,"GEOMETRY1_":""}},
{"type":"Feature","geometry":{"type":"Polygon","coordinates":[[[-99.27700612926834,19.44419455536812],[-99.27916213029506,19.44198075318549],[-99.27954586479636,19.441688690028023],[-99.2799733524725,19.44139459989511],[-99.28028283618842,19.441182056892355],[-99.28103466082504,19.440687344379107],[-99.2813863711652,19.440415799279776],[-99.28160325924422,19.44024792621711],[-99.28113309511899,19.439465167427194],[-99.28073074833277,19.43978094834418],[-99.27991380281084,19.440301770269677],[-99.27977036643743,19.440207895125962],[-99.27824846750224,19.440929549304258],[-99.27746941778436,19.441500879807926],[-99.27722135866561,19.44195112754694],[-99.27706925059712,19.442253594148355],[-99.27679885431908,19.443079010161323],[-99.27679723708421,19.4432181644351],[-99.27679541494577,19.443374950480468],[-99.27679659066571,19.44362353228225],[-99.27679250158675,19.44389925715413],[-99.27700612926834,19.44419455536812]]]},"properties":{"ID":25660,"ENTIDAD":15,"DISTRITO_F":24,"DISTRITO_L":32,"MUNICIPIO":58,"SECCION":2995,"TIPO":2,"CONTROL":0,"GEOMETRY1_":""}},
{"type":"Feature","geometry":{"type":"Polygon","coordinates":[[[-99.27884953030996,19.4441233259548],[-99.28253432312226,19.443413367816234],[-99.27987421138356,19.441969526789048],[-99.27884953030996,19.4441233259548]]]},"properties":{"ID":25661,"ENTIDAD":15,"DISTRITO_F":24,"DISTRITO_L":32,"MUNICIPIO":58,"SECCION":2996,"TIPO":2,"CONTROL":0,"GEOMETRY1_":""}},
{"type":"Feature","geometry":{"type":"Polygon","coordinates":[[[-99.28300742983531,19.443502288595166],[-99.28332032393794,19.444026421457874],[-99.28333921840667,19.44395303192406],[-99.28527584197546,19.441033789457386],[-99.28355807733388,19.44143740400766],[-99.28300742983531,19.443502288595166]]]},"properties":{"ID":25662,"ENTIDAD":15,"DISTRITO_F":24,"DISTRITO_L":32,"MUNICIPIO":58,"SECCION":2997,"TIPO":2,"CONTROL":0,"GEOMETRY1_":""}},
{"type":"Feature","geometry":{"type":"Polygon","coordinates":[[[-99.28527584197546,19.441033789457386],[-99.28333921840667,19.44395303192406],[-99.28486507604968,19.44406815521695],[-99.28516491965418,19.443848248149344],[-99.28553113202103,19.443579664368222],[-99.28585891878019,19.443339260936114],[-99.28667359198771,19.443416443150443],[-99.28775604654854,19.442430070483535],[-99.2886420666097,19.441991136987134],[-99.28944540371315,19.441496076826105],[-99.28527584197546,19.441033789457386]]]},"properties":{"ID":25663,"ENTIDAD":15,"DISTRITO_F":24,"DISTRITO_L":32,"MUNICIPIO":58,"SECCION":2998,"TIPO":2,"CONTROL":0,"GEOMETRY1_":""}},
{"type":"Feature","geometry":{"type":"Polygon","coordinates":[[[-99.29112770343517,19.44113198545723],[-99.29180864737218,19.44110104166331],[-99.2922349663849,19.435694629205326],[-99.28936491658524,19.437518579906396],[-99.28987800096024,19.4409962275883],[-99.29112770343517,19.44113198545723]]]},"properties":{"ID":25664,"ENTIDAD":15,"DISTRITO_F":24,"DISTRITO_L":32,"MUNICIPIO":58,"SECCION":2999,"TIPO":2,"CONTROL":0,"GEOMETRY1_":""}},
{"type":"Feature","geometry":{"type":"Polygon","coordinates":[[[-99.2922349663849,19.435694629205326],[-99.29074364477816,19.43323819391874],[-99.290516448771,19.433410673430863],[-99.29037559551823,19.43358082766373],[-99.28915198407829,19.433994016206864],[-99.28849673592595,19.43442479384019],[-99.28815490984975,19.4345970522216],[-99.28772872057475,19.434811823217792],[-99.28936491658524,19.437518579906396],[-99.2922349663849,19.435694629205326]]]},"properties":{"ID":25669,"ENTIDAD":15,"DISTRITO_F":24,"DISTRITO_L":32,"MUNICIPIO":58,"SECCION":3004,"TIPO":2,"CONTROL":0,"GEOMETRY1_":""}},
{"type":"Feature","geometry":{"type":"Polygon","coordinates":[[[-99.28721337594409,19.43507152040485],[-99.28599295961992,19.435819580095853],[-99.28539578659664,19.436751708661514],[-99.28580488789743,19.437768872659273],[-99.28612410339619,19.43832105318497],[-99.28843058540099,19.438205768027803],[-99.28772872057475,19.434811823217792],[-99.28721337594409,19.43507152040485]]]},"properties":{"ID":25670,"ENTIDAD":15,"DISTRITO_F":24,"DISTRITO_L":32,"MUNICIPIO":58,"SECCION":3005,"TIPO":2,"CONTROL":0,"GEOMETRY1_":""}},
{"type":"Feature","geometry":{"type":"Polygon","coordinates":[[[-99.28843058540099,19.438205768027803],[-99.28612410339619,19.43832105318497],[-99.28379607239596,19.44075331223003],[-99.2893851136482,19.440753213402548],[-99.28843058540099,19.438205768027803]]]},"properties":{"ID":25671,"ENTIDAD":15,"DISTRITO_F":24,"DISTRITO_L":32,"MUNICIPIO":58,"SECCION":3006,"TIPO":2,"CONTROL":0,"GEOMETRY1_":""}},
{"type":"Feature","geometry":{"type":"Polygon","coordinates":[[[-99.28539578659664,19.436751708661514],[-99.28003188743375,19.438880218260994],[-99.2809267965935,19.43910518223344],[-99.28095452277823,19.439153563866565],[-99.28113309512031,19.439465168196303],[-99.28160325924554,19.440247926985965],[-99.28181460510595,19.439950500815552],[-99.2822588974611,19.439313238523795],[-99.2830115207099,19.438197572823363],[-99.28353662606952,19.437783102026685],[-99.28405091032337,19.438257633991903],[-99.2852154837104,19.438140808673584],[-99.28580488789743,19.437768872659273],[-99.28539578659664,19.436751708661514]]]},"properties":{"ID":25672,"ENTIDAD":15,"DISTRITO_F":24,"DISTRITO_L":32,"MUNICIPIO":58,"SECCION":3007,"TIPO":2,"CONTROL":0,"GEOMETRY1_":""}},
{"type":"Feature","geometry":{"type":"Polygon","coordinates":[[[-99.28379607239596,19.44075331223003],[-99.2852154837104,19.438140808673584],[-99.28405091032337,19.438257633991903],[-99.28353662606952,19.437783102026685],[-99.2830115207099,19.438197572823363],[-99.2822588974611,19.439313238523795],[-99.28181460510595,19.439950500815552],[-99.28355807733388,19.44143740400766],[-99.28379607239596,19.44075331223003]]]},"properties":{"ID":25673,"ENTIDAD":15,"DISTRITO_F":24,"DISTRITO_L":32,"MUNICIPIO":58,"SECCION":3008,"TIPO":2,"CONTROL":0,"GEOMETRY1_":""}},
{"type":"Feature","geometry":{"type":"Polygon","coordinates":[[[-99.28253432312226,19.443413367816234],[-99.28300742983531,19.443502288595166],[-99.28355807733388,19.44143740400766],[-99.28181460510595,19.439950500815552],[-99.28160325924489,19.44024792660151],[-99.28138637116587,19.440415799664155],[-99.2810346608257,19.440687344763482],[-99.27997335247315,19.441394600279395],[-99.27987421138356,19.441969526789048],[-99.28253432312226,19.443413367816234]]]},"properties":{"ID":25674,"ENTIDAD":15,"DISTRITO_F":24,"DISTRITO_L":32,"MUNICIPIO":58,"SECCION":3009,"TIPO":2,"CONTROL":0,"GEOMETRY1_":""}},
{"type":"Feature","geometry":{"type":"Polygon","coordinates":[[[-99.27995674842707,19.438727342384745],[-99.2772836974691,19.44022611553308],[-99.27698638284248,19.440753269164883],[-99.27746941778565,19.441500880576438],[-99.27824846750354,19.44092955007292],[-99.27977036643875,19.440207895894815],[-99.27991380281216,19.440301771038495],[-99.2807307483341,19.43978094911317],[-99.28113309512031,19.439465168196303],[-99.28095452277823,19.439153563866565],[-99.2809267965935,19.43910518223344],[-99.28003188743375,19.438880218260994],[-99.27995674842707,19.438727342384745]]]},"properties":{"ID":25675,"ENTIDAD":15,"DISTRITO_F":24,"DISTRITO_L":32,"MUNICIPIO":58,"SECCION":3010,"TIPO":2,"CONTROL":0,"GEOMETRY1_":""}},
{"type":"Feature","geometry":{"type":"Polygon","coordinates":[[[-99.27496757604501,19.443818725335692],[-99.27520578941895,19.44376135682802],[-99.2754440026215,19.443703988009297],[-99.27575646196495,19.443628737979136],[-99.27619583443995,19.443522385435756],[-99.27629384762888,19.442939174835733],[-99.2765819380858,19.442858666311604],[-99.27665438496498,19.44312085524541],[-99.27679885432038,19.44307901092944],[-99.27746941778565,19.441500880576438],[-99.27698638284248,19.440753269164883],[-99.27631803906128,19.44092255543527],[-99.27463276018707,19.44178155181473],[-99.27496757604501,19.443818725335692]]]},"properties":{"ID":25676,"ENTIDAD":15,"DISTRITO_F":24,"DISTRITO_L":30,"MUNICIPIO":58,"SECCION":3011,"TIPO":2,"CONTROL":0,"GEOMETRY1_":""}},
{"type":"Feature","geometry":{"type":"Polygon","coordinates":[[[-99.26773588928485,19.443429986848532],[-99.26836550514085,19.44462668366918],[-99.2698510508451,19.44412318303622],[-99.27105511482821,19.443715074701785],[-99.2711975861721,19.444407977247188],[-99.2722132188553,19.444126006727053],[-99.27292590598834,19.443609775536867],[-99.27307505667271,19.443315551144824],[-99.27285103946011,19.442655073332638],[-99.272718653958,19.44232880235664],[-99.27260011950345,19.442036666790525],[-99.27244486500308,19.44160718066176],[-99.27214071568541,19.441755143329477],[-99.27183426431779,19.441904225114314],[-99.27133673718212,19.442146259338966],[-99.27030302281646,19.44269089599776],[-99.26773588928485,19.443429986848532]]]},"properties":{"ID":25677,"ENTIDAD":15,"DISTRITO_F":24,"DISTRITO_L":30,"MUNICIPIO":58,"SECCION":3012,"TIPO":2,"CONTROL":0,"GEOMETRY1_":""}},
{"type":"Feature","geometry":{"type":"Polygon","coordinates":[[[-99.25317908715265,19.449420497882436],[-99.25482004602705,19.44846339005997],[-99.25227132737442,19.448491825063897],[-99.2505683618739,19.448785380737423],[-99.24758100528129,19.449493867463953],[-99.25317908715265,19.449420497882436]]]},"properties":{"ID":25678,"ENTIDAD":15,"DISTRITO_F":24,"DISTRITO_L":30,"MUNICIPIO":58,"SECCION":3013,"TIPO":2,"CONTROL":0,"GEOMETRY1_":""}},
{"type":"Feature","geometry":{"type":"Polygon","coordinates":[[[-99.25317908715265,19.449420497882436],[-99.24758100528129,19.449493867463953],[-99.24738460118567,19.449540984926465],[-99.24721684425985,19.44958133080043],[-99.24766386966608,19.451118499670375],[-99.24929140654231,19.451662693252672],[-99.25047331940318,19.451600942768724],[-99.2524213033969,19.451299006073366],[-99.25317908715265,19.449420497882436]]]},"properties":{"ID":25679,"ENTIDAD":15,"DISTRITO_F":24,"DISTRITO_L":30,"MUNICIPIO":58,"SECCION":3014,"TIPO":2,"CONTROL":0,"GEOMETRY1_":""}},
{"type":"Feature","geometry":{"type":"Polygon","coordinates":[[[-99.24675539005977,19.45238198947817],[-99.24766386966608,19.451118499670375],[-99.24721684425985,19.44958133080043],[-99.24581348191683,19.450425175839612],[-99.24675539005977,19.45238198947817]]]},"properties":{"ID":25680,"ENTIDAD":15,"DISTRITO_F":24,"DISTRITO_L":30,"MUNICIPIO":58,"SECCION":3015,"TIPO":2,"CONTROL":0,"GEOMETRY1_":""}},
{"type":"Feature","geometry":{"type":"Polygon","coordinates":[[[-99.24392790228418,19.45329085997969],[-99.2463217224465,19.45348802480937],[-99.24675539005977,19.45238198947817],[-99.24581348191683,19.450425175839612],[-99.24498221820191,19.451169092375586],[-99.24355306552322,19.452611314043928],[-99.24392790228418,19.45329085997969]]]},"properties":{"ID":25681,"ENTIDAD":15,"DISTRITO_F":24,"DISTRITO_L":30,"MUNICIPIO":58,"SECCION":3016,"TIPO":2,"CONTROL":0,"GEOMETRY1_":""}},
{"type":"Feature","geometry":{"type":"Polygon","coordinates":[[[-99.24370313742463,19.454473753079004],[-99.24392790228418,19.45329085997969],[-99.24355306552322,19.452611314043928],[-99.24260087992359,19.453383095798106],[-99.2405903671843,19.454813675467562],[-99.24155473466877,19.455845125709484],[-99.24370313742463,19.454473753079004]]]},"properties":{"ID":25682,"ENTIDAD":15,"DISTRITO_F":24,"DISTRITO_L":30,"MUNICIPIO":58,"SECCION":3017,"TIPO":2,"CONTROL":0,"GEOMETRY1_":""}},
{"type":"Feature","geometry":{"type":"Polygon","coordinates":[[[-99.24155473466877,19.455845125709484],[-99.2405903671843,19.454813675467562],[-99.23985078290283,19.455295665937804],[-99.23762384504721,19.457615148018277],[-99.2377838008839,19.45837517358433],[-99.23820994117321,19.45832966605168],[-99.23867126861863,19.45765477442617],[-99.24048997034504,19.45716433627832],[-99.24155473466877,19.455845125709484]]]},"properties":{"ID":25683,"ENTIDAD":15,"DISTRITO_F":24,"DISTRITO_L":30,"MUNICIPIO":58,"SECCION":3018,"TIPO":2,"CONTROL":0,"GEOMETRY1_":""}},
{"type":"Feature","geometry":{"type":"Polygon","coordinates":[[[-99.23985078290283,19.455295665937804],[-99.23959036247754,19.454747630078227],[-99.23916542275985,19.45428370893643],[-99.23906847817115,19.45380290777198],[-99.2387614666494,19.45386231224564],[-99.23796989881804,19.454074829461348],[-99.23793795023067,19.45483415582726],[-99.23762384504721,19.457615148018277],[-99.23985078290283,19.455295665937804]]]},"properties":{"ID":25684,"ENTIDAD":15,"DISTRITO_F":24,"DISTRITO_L":30,"MUNICIPIO":58,"SECCION":3019,"TIPO":2,"CONTROL":0,"GEOMETRY1_":""}},
{"type":"Feature","geometry":{"type":"Polygon","coordinates":[[[-99.24260087992359,19.453383095798106],[-99.2413661117728,19.45284442385938],[-99.23949234799615,19.454183999511994],[-99.23959036247754,19.454747630078227],[-99.23985078290283,19.455295665937804],[-99.2405903671843,19.454813675467562],[-99.24260087992359,19.453383095798106]]]},"properties":{"ID":25685,"ENTIDAD":15,"DISTRITO_F":24,"DISTRITO_L":30,"MUNICIPIO":58,"SECCION":3020,"TIPO":2,"CONTROL":0,"GEOMETRY1_":""}},
{"type":"Feature","geometry":{"type":"Polygon","coordinates":[[[-99.24183766622502,19.45275375430725],[-99.24238047830814,19.452536172171556],[-99.24246028297954,19.450739695804206],[-99.2421539881514,19.450591671639433],[-99.23991912224561,19.452820005802444],[-99.23923920646607,19.453588815441538],[-99.23906847817115,19.45380290777198],[-99.23916542275985,19.45428370893643],[-99.23949234799615,19.454183999511994],[-99.2413661117728,19.45284442385938],[-99.24183766622502,19.45275375430725]]]},"properties":{"ID":25686,"ENTIDAD":15,"DISTRITO_F":24,"DISTRITO_L":30,"MUNICIPIO":58,"SECCION":3021,"TIPO":2,"CONTROL":0,"GEOMETRY1_":""}},
{"type":"Feature","geometry":{"type":"Polygon","coordinates":[[[-99.24355306552322,19.452611314043928],[-99.24498221820191,19.451169092375586],[-99.24457294634534,19.4509187505561],[-99.24246028297954,19.450739695804206],[-99.24238047830814,19.452536172171556],[-99.24183766622502,19.45275375430725],[-99.24260087992359,19.453383095798106],[-99.24355306552322,19.452611314043928]]]},"properties":{"ID":25687,"ENTIDAD":15,"DISTRITO_F":24,"DISTRITO_L":30,"MUNICIPIO":58,"SECCION":3022,"TIPO":2,"CONTROL":0,"GEOMETRY1_":""}},
{"type":"Feature","geometry":{"type":"Polygon","coordinates":[[[-99.24457294634534,19.4509187505561],[-99.24487347896752,19.450631226132224],[-99.24447236843075,19.44990127864373],[-99.24328704642676,19.44929892336016],[-99.24294141870264,19.449349975321873],[-99.2421539881514,19.450591671639433],[-99.24246028297954,19.450739695804206],[-99.24457294634534,19.4509187505561]]]},"properties":{"ID":25688,"ENTIDAD":15,"DISTRITO_F":24,"DISTRITO_L":30,"MUNICIPIO":58,"SECCION":3023,"TIPO":2,"CONTROL":0,"GEOMETRY1_":""}},
{"type":"Feature","geometry":{"type":"Polygon","coordinates":[[[-99.24721684425985,19.44958133080043],[-99.24738460118567,19.449540984926465],[-99.24685906625487,19.448958112758692],[-99.24648704656835,19.448645157577868],[-99.24487347896752,19.450631226132224],[-99.24457294634534,19.4509187505561],[-99.24498221820191,19.451169092375586],[-99.24581348191683,19.450425175839612],[-99.24721684425985,19.44958133080043]]]},"properties":{"ID":25689,"ENTIDAD":15,"DISTRITO_F":24,"DISTRITO_L":30,"MUNICIPIO":58,"SECCION":3024,"TIPO":2,"CONTROL":0,"GEOMETRY1_":""}},
{"type":"Feature","geometry":{"type":"Polygon","coordinates":[[[-99.24738460118567,19.449540984926465],[-99.24774537909893,19.449220727320128],[-99.24834050535536,19.447331342222714],[-99.24685906625487,19.448958112758692],[-99.24738460118567,19.449540984926465]]]},"properties":{"ID":25690,"ENTIDAD":15,"DISTRITO_F":24,"DISTRITO_L":30,"MUNICIPIO":58,"SECCION":3025,"TIPO":2,"CONTROL":0,"GEOMETRY1_":""}},
{"type":"Feature","geometry":{"type":"Polygon","coordinates":[[[-99.24487347896752,19.450631226132224],[-99.24648704656835,19.448645157577868],[-99.24595447428092,19.448184558101072],[-99.24567862293242,19.447945984159915],[-99.24470221813715,19.44950909171934],[-99.24447236843075,19.44990127864373],[-99.24487347896752,19.450631226132224]]]},"properties":{"ID":25691,"ENTIDAD":15,"DISTRITO_F":24,"DISTRITO_L":30,"MUNICIPIO":58,"SECCION":3026,"TIPO":2,"CONTROL":0,"GEOMETRY1_":""}},
{"type":"Feature","geometry":{"type":"Polygon","coordinates":[[[-99.24328704642676,19.44929892336016],[-99.24470221813715,19.44950909171934],[-99.24542770849195,19.44732014288717],[-99.24538027268764,19.447079495601358],[-99.24328704642676,19.44929892336016]]]},"properties":{"ID":25692,"ENTIDAD":15,"DISTRITO_F":24,"DISTRITO_L":30,"MUNICIPIO":58,"SECCION":3027,"TIPO":2,"CONTROL":0,"GEOMETRY1_":""}},
{"type":"Feature","geometry":{"type":"Polygon","coordinates":[[[-99.24595447428092,19.448184558101072],[-99.24822058270313,19.446878822496803],[-99.24602289356336,19.44560900864134],[-99.24538027268764,19.447079495601358],[-99.24542770849195,19.44732014288717],[-99.24567862293242,19.447945984159915],[-99.24595447428092,19.448184558101072]]]},"properties":{"ID":25693,"ENTIDAD":15,"DISTRITO_F":24,"DISTRITO_L":30,"MUNICIPIO":58,"SECCION":3028,"TIPO":2,"CONTROL":0,"GEOMETRY1_":""}},
{"type":"Feature","geometry":{"type":"Polygon","coordinates":[[[-99.2492068090108,19.447115766993527],[-99.25057263749044,19.44470173106019],[-99.24840387739211,19.4450333741651],[-99.24686481101587,19.444639469958883],[-99.24605180305306,19.44551135017024],[-99.24602289356336,19.44560900864134],[-99.24822058270313,19.446878822496803],[-99.24834050535536,19.447331342222714],[-99.2492068090108,19.447115766993527]]]},"properties":{"ID":25694,"ENTIDAD":15,"DISTRITO_F":24,"DISTRITO_L":30,"MUNICIPIO":58,"SECCION":3029,"TIPO":2,"CONTROL":0,"GEOMETRY1_":""}},
{"type":"Feature","geometry":{"type":"Polygon","coordinates":[[[-99.24776447082861,19.444061265885185],[-99.251415464634,19.44159241923709],[-99.24981657803869,19.439553538127512],[-99.24946391292113,19.440823353724685],[-99.24591331407116,19.442933860768672],[-99.24586155883621,19.44300874678533],[-99.24776447082861,19.444061265885185]]]},"properties":{"ID":25695,"ENTIDAD":15,"DISTRITO_F":24,"DISTRITO_L":30,"MUNICIPIO":58,"SECCION":3030,"TIPO":2,"CONTROL":0,"GEOMETRY1_":""}},
{"type":"Feature","geometry":{"type":"Polygon","coordinates":[[[-99.24478820978437,19.44593829695294],[-99.24605180305306,19.44551135017024],[-99.24686481101587,19.444639469958883],[-99.24776447082861,19.444061265885185],[-99.24586155883621,19.44300874678533],[-99.24551508159634,19.44324968318589],[-99.24478820978437,19.44593829695294]]]},"properties":{"ID":25696,"ENTIDAD":15,"DISTRITO_F":24,"DISTRITO_L":30,"MUNICIPIO":58,"SECCION":3031,"TIPO":2,"CONTROL":0,"GEOMETRY1_":""}},
{"type":"Feature","geometry":{"type":"Polygon","coordinates":[[[-99.24478820978437,19.44593829695294],[-99.24269722968427,19.447004542441295],[-99.24223215715406,19.448159813624915],[-99.24294141870264,19.449349975321873],[-99.24328704642676,19.44929892336016],[-99.24538027268764,19.447079495601358],[-99.24602289356336,19.44560900864134],[-99.24605180305306,19.44551135017024],[-99.24478820978437,19.44593829695294]]]},"properties":{"ID":25697,"ENTIDAD":15,"DISTRITO_F":24,"DISTRITO_L":30,"MUNICIPIO":58,"SECCION":3032,"TIPO":2,"CONTROL":0,"GEOMETRY1_":""}},
{"type":"Feature","geometry":{"type":"Polygon","coordinates":[[[-99.24478820978437,19.44593829695294],[-99.24551508159634,19.44324968318589],[-99.24591331407116,19.442933860768672],[-99.2458212644209,19.44111635668264],[-99.24401269615267,19.444945808118472],[-99.24440086530971,19.44589108528489],[-99.24268157670475,19.446841278580028],[-99.24269722968427,19.447004542441295],[-99.24478820978437,19.44593829695294]]]},"properties":{"ID":28763,"ENTIDAD":15,"DISTRITO_F":24,"DISTRITO_L":30,"MUNICIPIO":58,"SECCION":6392,"TIPO":2,"CONTROL":0,"GEOMETRY1_":""}},
{"type":"Feature","geometry":{"type":"Polygon","coordinates":[[[-99.24726822021223,19.439269793734745],[-99.24764640734936,19.439670073007285],[-99.2477909607833,19.43909385175893],[-99.2457726397781,19.438716484232096],[-99.24554024627228,19.438815220693925],[-99.24350489609488,19.44140747687034],[-99.23834030673902,19.442439279092884],[-99.23625257274074,19.443555194943915],[-99.23630277676924,19.44363573370226],[-99.23983397968898,19.446095040757793],[-99.24401269615267,19.444945808118472],[-99.2458212644209,19.44111635668264],[-99.24726822021223,19.439269793734745]]]},"properties":{"ID":28764,"ENTIDAD":15,"DISTRITO_F":24,"DISTRITO_L":30,"MUNICIPIO":58,"SECCION":6393,"TIPO":2,"CONTROL":0,"GEOMETRY1_":""}}
]}